0;3397;5458;2810;2248;23092
1;2;3;2;2;7728
2;9;4;2;1;232
3;2;3;2;2;72
4;3;4;2;2;73
5;1;6;2;2;79
6;1;3;3;1;86
7;1;3;1;2;92
8;2;2;1;1;104
9;2;3;2;1;163
10;2;3;2;2;146
11;1;3;2;1;2179
12;1;2;1;2;214
13;2;2;1;1;256
14;1;2;2;1;257
15;3;3;2;1;370
16;2;4;2;1;308
17;1;2;1;1;408
18;1;3;1;2;27675
19;2;7;1;2;482
20;2;11;2;2;510
21;2;5;2;2;532
22;2;6;2;2;536
23;3;2;2;1;563
24;2;3;3;2;611
25;3;5;2;2;669
26;3;4;2;2;748
27;3;3;3;2;733
28;3;4;1;2;811
29;2;3;1;2;830
30;3;3;1;2;978
31;3;3;2;2;998
32;3;3;1;2;1051
33;3;3;1;1;1071
34;3;6;1;1;1142
35;3;8;2;1;27644
36;3;3;1;2;8837
37;4;2;1;2;2183
38;3;3;2;2;1571
39;3;3;1;2;1572
40;3;3;1;1;2718
41;5;4;2;1;1693
42;4;4;1;2;1995
43;4;2;1;2;1888
44;3;3;2;1;1985
45;3;3;1;1;2031
46;4;3;3;2;2034
47;5;3;2;2;2087
48;4;4;2;2;2165
49;4;3;1;1;12634
50;4;3;2;2;2634
51;5;3;2;2;2550
52;5;3;2;2;2647
53;4;3;1;1;2965
54;4;3;2;2;2901
55;5;3;1;2;2955
56;4;2;2;2;3131
57;5;2;2;1;3399
58;5;2;2;2;3284
59;5;3;2;2;3231
60;5;3;2;2;4089
61;5;3;1;2;6444
62;5;3;1;2;4915
63;5;288;1;1;3923
64;5;4;1;1;5402
65;5;3;2;1;4419
66;5;4;2;2;4487
67;5;3;1;2;4657
68;5;3;1;1;5115
69;5;4;2;3;5061
70;6;3;1;1;5054
71;7;4;1;2;5033
72;5;3;2;2;6678
73;6;3;1;2;6032
74;7;3;1;2;10988
75;6;4;2;2;6081
76;6;3;2;1;6961
77;7;3;2;1;5433
78;5;3;2;1;6918
79;6;3;2;1;7550
80;6;3;2;2;6808
81;6;3;2;2;6672
82;6;5;2;1;5310
83;6;4;2;2;4943
84;6;3;2;1;4994
85;8;3;1;2;5135
86;6;3;1;2;5290
87;7;3;2;2;5335
88;7;3;2;2;9338
89;7;4;2;2;9687
90;6;3;2;2;8191
91;7;3;2;1;8499
92;8;3;2;2;8738
93;8;3;2;2;8610
94;7;3;2;2;10113
95;7;3;2;2;11318
96;7;3;1;2;13347
97;8;3;2;2;19126
98;7;3;2;1;17261
99;8;3;2;1;9953
100;8;4;1;1;10025
101;8;4;2;1;10035
102;9;3;2;1;10344
103;9;3;2;1;11533
104;8;4;2;2;10743
105;9;3;1;1;11737
106;8;3;2;2;10869
107;7;3;2;1;11230
108;8;5;2;2;11388
109;8;5;1;2;24081
110;9;4;2;2;12453
111;9;7;2;2;14009
112;8;4;2;2;12667
113;9;3;2;1;14033
114;8;82;2;1;14855
115;8;3;2;1;13741
116;10;3;1;2;16321
117;10;4;1;2;8960
118;9;4;2;1;9493
119;10;3;2;2;9205
120;9;3;2;2;9339
121;9;3;2;2;9953
122;9;6;2;2;15503
123;10;3;2;1;9811
124;10;3;1;2;9905
125;9;6;1;2;11873
126;10;3;1;2;10257
127;14;4;2;2;11208
128;12;4;2;2;10591
129;9;4;2;2;13102
130;10;4;2;2;11283
131;9;4;2;2;11111
132;10;5;1;2;11289
133;10;3;2;1;13369
134;11;3;2;1;11623
135;8;4;2;1;11874
136;11;3;2;2;16852
137;9;4;1;3;17036
138;10;5;2;2;19264
139;10;4;2;1;18383
140;10;5;2;2;18279
141;10;5;2;2;17861
142;10;4;2;2;17999
143;12;4;2;2;18524
144;10;5;2;2;16290
145;12;3;2;2;13722
146;11;3;2;3;14458
147;11;3;2;2;14505
148;12;4;2;2;14879
149;12;3;2;1;14894
150;12;6;2;2;20864
151;11;8;2;3;15543
152;12;3;3;2;15537
153;11;4;3;2;15658
154;13;7;2;2;15807
155;13;4;2;2;16204
156;13;4;2;2;16955
157;12;3;3;2;21259
158;11;3;2;2;16150
159;12;3;2;2;16254
160;11;4;1;2;18413
161;13;5;1;2;16653
162;12;86;1;2;16795
163;13;5;2;2;17078
164;11;4;2;2;17490
165;12;7;2;1;18016
166;13;5;2;2;17690
167;12;6;2;2;21017
168;12;4;2;2;18333
169;12;7;1;2;20138
170;12;5;2;2;18535
171;12;4;1;2;18908
172;14;4;1;2;19376
173;12;4;2;2;19337
174;14;4;2;2;19842
175;15;4;2;2;19658
176;15;4;2;2;22060
177;14;4;1;2;21888
178;15;4;2;2;20218
179;14;3;2;2;20573
180;13;5;2;2;20805
181;14;4;2;2;20984
182;13;4;2;2;21716
183;14;8;2;3;21716
184;14;4;2;2;28602
185;14;70;2;2;29981
186;13;4;2;2;22580
187;13;4;2;2;22753
188;14;4;1;2;22951
189;14;3;1;2;23540
190;13;4;3;2;23435
191;15;4;2;2;24404
192;16;4;2;2;26669
193;14;4;2;3;23224
194;15;6;2;2;23439
195;15;7;2;2;24409
196;15;4;1;1;24135
197;16;4;2;1;25192
198;15;3;2;2;24638
199;14;4;2;1;28155
200;15;4;2;1;24890
201;16;4;2;2;25317
202;14;4;2;2;26541
203;14;3;2;2;27329
204;13;4;2;1;26001
205;14;4;2;1;26248
206;17;4;2;2;29374
207;15;3;2;2;26858
208;16;63;3;2;27310
209;18;4;2;1;28785
210;17;4;3;2;27444
211;16;4;2;2;27832
212;17;4;2;2;30846
213;15;3;2;2;28428
214;16;4;3;2;33553
215;16;4;2;2;29419
216;15;4;2;2;30448
217;16;3;2;2;29567
218;17;3;2;2;32669
219;15;4;2;2;35970
220;17;5;3;2;33077
221;16;4;2;2;30610
222;18;3;2;2;31010
223;16;4;2;2;31208
224;18;5;3;2;40124
225;17;3;2;2;46912
226;17;4;3;1;47301
227;17;5;2;2;32863
228;16;5;2;2;42729
229;16;4;2;2;38000
230;16;4;3;2;34916
231;18;73;2;2;33814
232;17;3;2;2;35572
233;17;3;1;2;36546
234;18;4;2;2;37578
235;18;4;1;3;34623
236;16;5;1;2;34923
237;18;5;1;2;40777
238;17;3;1;2;36977
239;18;4;2;2;40485
240;17;4;2;2;38138
241;17;3;1;2;50011
242;18;3;2;2;54109
243;18;6;2;2;54529
244;17;3;2;2;44811
245;17;5;2;2;52887
246;18;3;2;3;39663
247;19;5;1;2;41845
248;19;6;2;2;45286
249;18;4;2;2;40598
250;19;4;3;3;39332
251;18;4;2;2;44763
252;18;4;1;2;43415
253;19;9;1;2;88971
254;20;6;2;3;99233
255;18;6;2;3;64318
256;17;5;2;3;66059
257;18;4;3;2;60534
258;19;5;2;2;43986
259;21;5;2;2;42280
260;41;5;2;2;51927
261;19;4;2;2;57898
262;21;5;2;2;56707
263;20;3;2;2;61738
264;21;8;2;2;95861
265;19;4;2;1;87349
266;20;6;2;2;76863
267;21;5;2;2;49093
268;20;4;2;2;49009
269;20;4;2;1;48215
270;19;4;2;1;45438
271;22;4;2;1;47140
272;19;4;2;2;47131
273;20;4;2;2;54471
274;19;4;2;2;87708
275;19;5;2;2;49490
276;21;67;2;2;52302
277;23;4;2;2;64922
278;21;4;2;2;62136
279;18;4;2;2;77834
280;19;4;2;2;58876
281;21;4;2;1;49951
282;23;4;1;2;53926
283;22;8;2;2;54668
284;21;7;2;2;50383
285;21;6;2;2;55471
286;21;5;3;2;52995
287;22;4;2;2;59248
288;22;4;2;2;66939
289;21;4;2;2;55479
290;20;4;2;2;57011
291;22;4;2;3;56663
292;22;3;2;2;53853
293;22;4;1;2;60484
294;23;4;2;2;60405
295;22;4;2;1;55724
296;24;3;2;2;56593
297;23;72;1;2;71711
298;23;5;2;2;58455
299;24;4;3;2;71347
300;22;4;2;2;64873
301;23;4;2;2;60892
302;21;4;3;2;64674
303;22;4;2;2;67264
304;22;4;2;2;75452
305;23;4;2;2;61263
306;22;4;2;2;69351
307;23;5;1;2;66278
308;24;41;1;2;68739
309;22;4;1;2;71092
310;24;4;2;2;83307
311;24;4;2;2;81153
312;27;4;2;2;73857
313;24;4;2;2;72763
314;21;4;2;2;82256
315;30;4;1;2;72433
316;23;4;2;2;68889
317;26;4;2;3;68980
318;24;61;2;2;69861
319;24;4;2;2;75433
320;24;5;2;2;76827
321;24;5;2;2;94276
322;24;4;2;2;75520
323;25;4;3;2;79676
324;26;4;2;2;79334
325;24;5;2;2;89469
326;23;5;2;1;70881
327;24;4;2;2;70747
328;26;4;1;1;73750
329;25;5;1;2;70970
330;24;4;2;2;69395
331;23;4;2;3;74499
332;25;4;1;2;69278
333;24;4;2;2;70509
334;22;3;2;2;76454
335;25;3;2;2;70405
336;24;4;2;2;72119
337;25;4;2;2;80700
338;25;3;2;1;75283
339;25;4;2;2;77200
340;25;69;2;2;76010
341;24;4;3;2;76670
342;25;4;2;2;75519
343;25;5;2;2;74360
344;25;4;2;2;85689
345;26;4;1;3;74195
346;23;4;2;2;84435
347;26;4;2;3;169028
348;25;3;2;2;140944
349;27;4;2;3;151401
350;25;4;2;2;86853
351;24;5;2;2;81249
352;26;4;2;2;83849
353;29;4;2;3;85246
354;28;4;2;2;82772
355;27;4;2;2;80518
356;26;4;2;2;85258
357;26;3;3;2;85598
358;27;3;2;2;90099
359;27;7;2;3;114865
360;26;7;2;2;105231
361;27;64;2;2;110889
362;27;6;2;1;86405
363;27;8;2;2;112050
364;25;5;2;2;90072
365;27;4;2;3;85512
366;27;4;2;2;93584
367;27;4;3;3;84239
368;25;4;2;2;94515
369;28;4;3;2;85957
370;27;4;2;2;91332
371;28;4;2;2;85967
372;27;4;2;2;91479
373;27;4;2;2;88050
374;26;4;1;3;95528
375;27;4;2;2;92378
376;28;5;2;2;91106
377;26;4;3;2;113957
378;23;4;2;2;92316
379;26;4;2;2;94436
380;26;4;2;2;111434
381;27;4;2;2;108024
382;25;66;2;2;116765
383;24;4;2;2;125443
384;24;6;2;2;129514
385;26;4;3;2;131342
386;30;4;2;2;107126
387;29;4;2;2;101040
388;29;6;2;2;100113
389;28;4;2;2;99397
390;26;4;2;2;107393
391;26;4;2;2;95945
392;26;3;1;2;101099
393;27;3;2;2;116928
394;28;5;2;2;103688
395;29;4;2;2;124076
396;30;4;2;2;102331
397;31;4;2;2;110841
398;30;4;2;2;109234
399;29;4;2;3;105778
400;28;5;2;2;144053
401;30;5;2;2;137627
402;27;4;2;2;133754
403;29;4;2;2;143211
404;31;9;2;2;113481
405;32;5;2;2;119361
406;30;6;2;2;128077
407;29;4;1;2;111159
408;31;4;2;1;114104
409;29;4;2;2;109030
410;30;4;2;2;106876
411;31;5;2;3;121203
412;30;4;2;2;106596
413;29;3;3;2;122598
414;29;6;2;2;109856
415;32;4;2;3;121191
416;30;4;2;2;117001
417;30;4;2;2;141664
418;32;4;2;2;119152
419;32;4;2;2;140425
420;30;5;2;2;135354
421;30;4;1;3;118717
422;30;4;1;2;133105
423;32;4;2;2;125430
424;30;5;2;3;155507
425;30;128;2;3;137129
426;36;4;1;3;128149
427;32;6;2;2;116927
428;31;4;2;3;143545
429;31;4;2;3;123120
430;28;5;2;3;118382
431;27;4;2;3;118817
432;27;4;2;3;124935
433;29;7;2;2;120719
434;28;5;2;2;120024
435;33;5;2;2;119821
436;32;6;1;2;132337
437;31;6;2;2;122252
438;33;4;2;2;138349
439;35;4;2;2;122869
440;33;4;2;2;142653
441;35;4;2;3;133904
442;34;4;1;2;135087
443;33;4;2;2;161830
444;34;5;1;3;163407
445;33;7;2;2;160194
446;31;72;2;2;166020
447;34;4;3;2;140795
448;35;4;2;2;132426
449;36;4;2;3;166887
450;32;4;2;3;177590
451;44;4;2;2;143826
452;43;4;2;3;159515
453;44;4;2;2;173407
454;39;4;2;2;156408
455;35;5;1;3;154654
456;34;4;1;2;180534
457;34;8;2;2;144586
458;34;4;2;2;147692
459;36;4;3;2;139738
460;33;6;2;2;144665
461;36;5;2;2;148919
462;34;8;2;2;144815
463;34;4;3;2;138502
464;34;6;2;2;148712
465;32;4;1;1;142694
466;31;4;1;1;149360
467;34;74;2;2;140763
468;33;4;2;2;149915
469;43;4;2;2;153880
470;42;4;1;2;172815
471;36;4;1;2;147033
472;37;3;1;2;150811
473;36;4;2;2;152912
474;33;4;2;2;143114
475;35;5;2;3;157176
476;35;3;2;2;167247
477;37;4;1;2;155655
478;36;5;1;2;162096
479;38;5;2;2;151950
480;35;4;2;3;150396
481;34;4;2;2;151812
482;30;4;2;2;189603
483;37;4;2;2;160841
484;33;4;2;2;149663
485;36;4;2;2;153725
486;36;3;2;2;155005
487;35;4;2;2;153069
488;35;4;2;3;156886
489;37;3;2;2;150675
490;35;6;2;2;164261
491;36;4;2;3;193899
492;36;8;1;2;187346
493;36;4;2;2;184772
494;38;5;2;3;190972
495;38;3;2;3;174540
496;37;3;2;2;188305
497;38;9;2;2;178560
498;34;6;2;2;186867
499;38;4;2;2;197309
500;36;4;2;2;184371
501;37;6;1;3;180971
502;39;4;2;3;204250
503;41;4;2;2;195388
504;39;4;2;2;178648
505;35;4;2;2;179241
506;38;4;2;2;181877
507;41;4;1;2;190627
508;39;4;2;2;225235
509;39;5;2;3;188140
510;39;50;1;2;192117
511;39;13;3;2;189061
512;34;9;2;2;178422
513;37;6;2;2;172167
514;37;4;2;2;173490
515;39;5;2;2;173790
516;38;4;3;2;170863
517;38;4;2;2;207276
518;39;4;2;2;176072
519;38;4;2;2;181382
520;38;7;2;2;182810
521;36;4;3;2;191343
522;39;4;2;3;185571
523;39;4;2;2;190828
524;40;4;2;2;172926
525;38;4;3;2;180638
526;40;5;2;2;178773
527;36;4;2;2;189293
528;38;4;2;2;186205
529;39;5;2;2;185618
530;40;9;2;2;180570
531;40;4;2;2;192966
532;38;4;2;2;186169
533;40;5;2;2;190479
534;39;4;2;2;186795
535;45;4;3;2;211105
536;41;4;2;2;196115
537;39;4;3;2;188792
538;39;4;2;2;192247
539;41;4;2;2;197293
540;41;4;2;2;183449
541;42;4;2;2;194488
542;44;5;2;2;189756
543;38;4;2;2;194392
544;37;4;2;2;184932
545;39;5;3;3;192100
546;43;4;2;3;191809
547;38;6;1;2;201394
548;40;5;2;2;205689
549;41;81;2;2;198658
550;40;9;2;2;195778
551;40;8;2;2;206950
552;42;6;2;2;191344
553;40;5;3;1;199848
554;41;5;2;3;196144
555;41;12;1;2;206227
556;41;18;2;2;195629
557;41;9;3;2;198335
558;43;4;2;2;198510
559;41;6;2;2;207494
560;60;5;1;2;206596
561;42;4;2;2;213016
562;39;6;2;1;216956
563;43;4;2;2;231067
564;41;4;2;2;204597
565;41;4;2;2;208670
566;43;4;2;2;212099
567;44;4;2;2;220933
568;45;4;2;2;214909
569;46;72;2;2;211373
570;44;8;2;2;213503
571;43;13;2;2;219710
572;42;416;2;1;262396
573;42;8;2;2;265376
574;44;5;2;3;213734
575;45;4;2;2;218997
576;41;4;2;3;214354
577;38;4;2;2;231409
578;41;4;2;2;213650
579;43;6;2;2;229156
580;43;8;3;2;213415
581;43;7;2;3;228581
582;42;4;2;2;215940
583;42;10;2;2;229119
584;44;10;2;2;235818
585;44;5;2;2;224133
586;45;4;1;2;220918
587;47;5;2;2;237782
588;43;4;1;2;218725
589;41;5;2;3;222457
590;44;4;2;3;225467
591;43;4;2;2;241199
592;43;5;2;2;232203
593;45;4;2;1;241801
594;42;5;2;2;230539
595;43;4;2;2;251563
596;43;5;2;3;224511
597;42;4;2;2;238772
598;44;4;2;2;249254
599;43;5;2;2;251362
600;44;5;2;2;228428
601;44;4;2;2;252328
602;46;4;2;2;234258
603;45;4;2;3;258513
604;47;6;2;2;252702
605;50;5;2;2;268874
606;45;4;2;3;247551
607;44;5;2;2;251357
608;48;58;2;2;235195
609;46;5;2;2;264600
610;48;4;2;1;356814
611;47;4;2;2;319849
612;41;4;2;2;296570
613;45;4;2;2;267243
614;48;5;2;2;299591
615;45;5;2;1;303668
616;46;4;2;2;321675
617;45;5;3;2;329121
618;43;5;2;2;408066
619;47;5;2;2;332442
620;48;4;2;3;347270
621;45;4;2;2;319264
622;44;5;3;2;313957
623;46;5;2;2;329041
624;45;4;2;2;271423
625;46;5;2;2;259985
626;45;4;1;2;272116
627;46;4;2;2;317781
628;46;53;3;3;282270
629;46;5;2;2;297816
630;49;4;2;2;307140
631;47;4;1;2;308274
632;47;4;2;2;309914
633;50;5;3;2;274309
634;53;4;2;2;268852
635;48;5;2;3;258708
636;47;5;3;3;297292
637;49;4;2;2;259100
638;49;5;2;2;274584
639;46;4;2;2;262902
640;45;5;2;2;292526
641;45;5;3;2;341650
642;50;6;2;2;335693
643;48;6;2;2;311961
644;48;5;2;2;329498
645;47;4;2;2;353255
646;48;4;2;2;359443
647;48;55;2;2;307329
648;49;5;2;2;353263
649;51;6;2;2;311517
650;47;5;3;2;304863
651;46;5;2;2;342505
652;48;5;2;2;300185
653;49;5;2;3;304128
654;53;4;3;2;312630
655;49;5;1;2;282714
656;50;5;2;2;359863
657;54;5;2;2;308137
658;54;5;2;2;321022
659;50;4;2;2;298827
660;52;5;2;3;323087
661;50;4;2;2;326833
662;51;5;2;2;368282
663;49;4;2;3;290857
664;46;5;2;2;309727
665;50;4;3;3;293078
666;50;6;2;2;287574
667;51;60;2;2;317409
668;50;5;3;2;330299
669;49;5;2;2;350179
670;52;6;2;2;360689
671;53;5;3;2;299308
672;49;4;2;2;332183
673;50;6;2;2;395348
674;51;4;2;2;445519
675;51;6;2;2;354415
676;52;5;2;3;350657
677;46;4;2;2;342827
678;49;4;2;2;407641
679;52;4;2;1;390444
680;57;5;2;3;452134
681;51;5;2;2;521381
682;53;5;3;2;1308043
683;56;5;2;3;532808
684;52;5;2;3;320854
685;52;6;2;2;314160
686;49;5;3;3;364822
687;50;63;2;3;310705
688;51;5;3;2;310329
689;50;5;2;2;306558
690;50;7;2;2;307583
691;50;4;2;2;310720
692;50;4;2;2;310847
693;51;4;2;2;309380
694;56;5;2;3;325255
695;58;5;2;2;340976
696;49;4;3;2;311485
697;50;4;2;2;315002
698;51;6;3;2;324221
699;52;4;1;2;385126
700;53;4;2;2;346827
701;52;4;2;2;357007
702;56;4;2;2;373981
703;55;4;2;2;376309
704;53;5;2;3;363688
705;56;5;2;2;399626
706;54;55;2;2;407503
707;56;4;2;2;368563
708;51;4;2;2;379338
709;52;4;2;2;431832
710;54;4;2;2;369495
711;52;4;1;3;383438
712;54;4;2;2;364817
713;51;4;2;3;371815
714;54;4;2;2;433367
715;54;4;2;2;331189
716;52;5;2;3;335107
717;50;4;2;3;333013
718;54;5;3;2;329528
719;57;5;2;3;346684
720;54;5;3;3;364272
721;53;5;2;2;339795
722;54;5;2;2;339937
723;53;4;2;3;564457
724;51;4;3;2;447762
725;59;4;3;2;372204
726;59;58;2;2;470386
727;55;4;2;3;547859
728;54;4;2;2;489558
729;57;4;2;2;417926
730;57;4;2;3;356059
731;52;5;2;2;352150
732;51;4;3;2;358045
733;55;4;2;3;351420
734;54;5;2;2;365327
735;53;4;2;2;430159
736;55;5;2;2;409136
737;55;5;2;2;462244
738;62;4;2;3;422281
739;54;5;2;2;493633
740;52;4;2;2;448846
741;55;5;2;3;421174
742;54;4;3;3;449877
743;56;4;2;2;463796
744;55;5;2;4;428282
745;55;5;2;3;500141
746;55;8;2;2;424403
747;54;5;1;2;440568
748;59;5;2;2;434282
749;54;5;2;3;519499
750;49;4;2;2;454547
751;53;5;2;2;426600
752;75;5;2;2;512028
753;58;5;2;2;450324
754;54;5;2;3;467119
755;53;4;3;2;432309
756;56;4;2;3;411850
757;56;5;2;2;448821
758;60;5;2;2;403033
759;59;5;2;2;426088
760;58;4;2;1;376319
761;57;4;2;2;381934
762;56;4;2;2;480815
763;54;5;2;3;400114
764;52;4;2;2;585900
765;58;56;2;3;458284
766;62;4;2;3;449393
767;58;5;2;3;532029
768;58;5;2;2;655265
769;59;5;3;2;607804
770;58;4;3;2;560053
771;55;5;2;2;430216
772;55;4;3;2;418021
773;61;5;2;2;444767
774;57;4;3;3;443188
775;60;4;2;3;480043
776;55;5;2;2;472144
777;54;5;2;3;498653
778;59;4;2;2;492145
779;60;4;2;2;486060
780;57;4;2;3;481508
781;58;4;3;2;513158
782;55;4;2;3;477199
783;59;4;2;2;455707
784;59;5;2;2;449507
785;62;56;3;2;434414
786;61;5;2;3;415508
787;58;4;2;2;415212
788;62;4;2;2;413524
789;58;5;2;3;422579
790;63;5;2;2;416978
791;55;5;2;2;441540
792;59;4;3;3;431697
793;59;5;2;3;438229
794;58;4;2;2;437489
795;60;5;2;2;423312
796;61;5;3;2;441977
797;59;5;2;3;430468
798;57;5;2;2;439662
799;59;4;2;2;440062
800;59;4;3;2;426592
801;63;5;2;2;434171
802;58;5;2;3;439908
803;60;4;2;3;450946
804;61;6;2;2;435068
805;64;5;2;2;451280
806;58;5;3;2;428754
807;62;4;2;2;436059
808;56;5;2;2;456071
809;59;4;2;2;432965
810;60;4;2;2;444590
811;60;5;2;2;440119
812;59;4;2;2;438950
813;57;5;2;2;442951
814;59;5;2;2;449037
815;62;4;2;2;445524
816;60;4;2;3;445689
817;58;4;2;2;442666
818;60;5;3;2;444499
819;59;4;2;2;447428
820;62;5;2;3;462518
821;62;4;2;3;471753
822;59;4;2;2;442043
823;61;4;2;2;460286
824;59;58;2;2;458787
825;61;5;3;2;463096
826;65;4;2;2;444246
827;56;5;2;3;465800
828;57;5;2;3;456065
829;62;5;1;2;459890
830;66;4;2;3;452747
831;61;4;2;2;485290
832;63;5;2;2;471433
833;63;5;2;2;468111
834;61;5;2;3;464156
835;55;4;2;3;465481
836;63;4;2;2;503097
837;61;5;1;2;483625
838;59;5;2;2;467338
839;62;4;3;2;478743
840;63;4;2;2;472094
841;65;5;2;2;475136
842;62;4;2;2;480449
843;60;4;2;3;472907
844;59;51;3;2;466989
845;67;5;2;2;474016
846;63;4;2;2;476557
847;62;5;2;2;482637
848;64;4;2;3;482682
849;66;5;2;2;487663
850;62;5;2;3;480405
851;58;4;2;2;486631
852;63;5;2;3;480680
853;60;5;2;3;495533
854;64;4;3;2;478124
855;61;4;2;2;490675
856;65;5;2;3;487335
857;67;5;2;3;505558
858;62;4;3;2;488478
859;62;5;2;2;490877
860;62;5;2;2;498169
861;64;4;2;2;555718
862;62;4;2;2;493161
863;70;53;2;2;502588
864;62;5;3;2;538417
865;63;5;3;3;513230
866;67;4;2;3;526433
867;67;4;2;2;517854
868;58;4;2;3;511939
869;64;4;2;2;508299
870;64;4;3;2;501180
871;62;4;1;2;512688
872;64;5;3;3;508148
873;65;4;2;2;503607
874;65;4;3;2;499861
875;63;5;2;2;577349
876;66;5;1;2;518702
877;67;5;2;2;531953
878;71;5;2;2;513890
879;67;5;2;2;517093
880;66;5;2;2;522797
881;67;5;2;2;523658
882;64;5;2;2;529170
883;62;61;2;3;514435
884;64;5;3;2;517302
885;66;5;1;3;514137
886;66;5;2;2;525360
887;62;4;2;3;521088
888;66;5;1;3;549119
889;68;5;2;3;533985
890;64;5;2;3;551114
891;64;6;2;2;543281
892;64;5;3;2;559067
893;65;5;3;2;535574
894;65;5;2;2;601916
895;71;4;2;2;585673
896;61;4;2;3;561970
897;57;5;2;2;543317
898;64;5;3;3;547758
899;67;5;2;3;563404
900;64;4;2;2;579299
901;64;5;1;3;550560
902;67;4;2;3;589632
903;65;89;2;3;882958
904;67;4;2;3;688067
905;84;4;2;3;1524184
906;64;4;2;3;544082
907;66;5;2;3;539358
908;70;5;2;3;641165
909;68;4;2;3;749653
910;67;5;3;3;872325
911;68;4;2;3;721035
912;68;4;2;2;640116
913;69;4;2;3;557458
914;66;5;3;2;590375
915;67;5;2;2;586381
916;65;5;2;2;649830
917;68;5;2;2;646489
918;71;4;2;2;651016
919;65;4;2;2;693226
920;70;5;3;2;657337
921;66;5;2;2;685195
922;63;58;2;2;669752
923;68;4;2;3;723384
924;67;4;3;1;697354
925;64;4;2;2;583790
926;64;4;3;2;576718
927;67;5;2;5;579341
928;69;5;2;2;613989
929;69;5;2;3;590780
930;68;6;2;2;582964
931;69;4;2;2;592419
932;64;5;2;2;585173
933;66;5;1;3;607296
934;71;4;2;2;626518
935;65;4;2;2;656602
936;68;4;2;2;645329
937;69;5;1;2;620899
938;70;5;2;2;609022
939;69;5;2;3;610770
940;71;5;3;2;620141
941;73;6;2;2;612362
942;67;56;2;2;681267
943;69;4;2;3;653485
944;69;5;2;3;655259
945;70;4;2;2;718672
946;72;4;2;2;608834
947;70;4;2;3;607261
948;71;5;2;2;603984
949;68;4;2;3;637268
950;74;4;2;2;618138
951;79;5;2;3;612922
952;77;4;2;3;684269
953;80;5;2;2;646506
954;78;5;2;2;677033
955;83;4;2;3;617416
956;82;4;2;3;655959
957;82;6;2;3;744196
958;84;5;2;3;746218
959;81;5;2;2;908871
960;66;5;2;2;789651
961;65;5;2;2;694485
962;67;6;3;2;623602
963;71;5;2;2;642486
964;75;4;2;2;613308
965;78;4;2;3;631962
966;73;4;3;2;611746
967;75;5;2;3;621182
968;76;4;2;2;617251
969;76;4;2;2;617764
970;75;5;2;2;620793
971;78;5;2;3;617883
972;75;5;2;2;742432
973;74;4;2;3;637062
974;76;5;2;3;632063
975;77;4;2;3;634163
976;77;5;2;2;625975
977;78;5;2;1;646220
978;77;4;3;2;651151
979;79;4;2;3;671003
980;79;4;2;2;654087
981;79;61;2;2;658328
982;78;5;3;2;679817
983;80;5;2;2;726648
984;81;5;2;2;709081
985;77;6;2;2;698553
986;79;5;3;2;631580
987;77;5;3;2;748927
988;77;5;3;2;654876
989;79;4;2;3;655739
990;77;5;3;3;654071
991;78;5;2;2;644590
992;77;5;2;2;652697
993;77;4;2;3;654122
994;82;4;3;3;660354
995;87;5;2;2;686920
996;86;5;3;3;650916
997;94;5;2;2;649647
998;86;4;2;2;685495
999;79;4;2;4;797452
1000;79;5;3;3;743890
1001;74;56;2;2;751707
1002;79;5;3;3;817760
1003;78;5;2;3;712308
1004;88;4;2;3;689905
1005;89;4;2;2;677835
1006;85;4;2;3;701790
1007;86;5;1;2;714122
1008;85;4;2;2;704531
1009;91;4;2;2;819020
1010;88;4;2;2;782802
1011;88;5;2;3;764826
1012;83;4;2;2;790507
1013;109;4;2;2;748049
1014;118;4;2;2;683177
1015;117;4;2;3;772134
1016;110;5;2;3;687498
1017;85;4;2;3;682056
1018;83;4;2;3;677549
1019;83;5;2;3;683362
1020;82;4;2;3;707633
1021;86;6;2;3;684735
1022;90;5;3;2;696612
1023;93;5;2;2;725584
1024;90;170;3;2;705577
1025;97;5;2;3;699931
1026;70;5;3;3;711934
1027;66;5;3;2;731851
1028;77;5;2;2;699563
1029;78;5;2;2;744394
1030;63;5;3;2;745985
1031;87;4;2;2;734970
1032;66;4;3;3;709662
1033;75;5;2;2;752427
1034;67;5;2;2;868574
1035;68;4;2;2;749003
1036;72;5;3;2;759558
1037;73;4;2;3;759135
1038;72;5;2;2;718450
1039;72;70;2;2;826485
1040;69;5;3;2;735654
1041;72;5;2;1;745650
1042;67;5;2;2;742111
1043;76;5;2;2;744954
1044;68;5;2;2;793969
1045;72;5;2;2;730192
1046;65;5;3;2;757878
1047;76;5;2;2;739837
1048;78;6;3;3;728337
1049;76;4;2;2;719001
1050;73;4;3;3;774710
1051;74;4;3;3;762421
1052;71;5;3;3;753050
1053;76;4;2;3;738400
1054;73;5;2;3;756470
1055;75;5;2;2;806407
1056;67;5;3;2;797455
1057;71;102;2;3;766883
1058;73;5;2;3;800636
1059;72;5;2;3;759011
1060;74;5;3;2;751909
1061;78;5;2;3;750823
1062;75;5;3;3;754630
1063;72;5;2;3;753924
1064;75;4;2;2;866718
1065;72;4;2;2;804139
1066;73;4;2;3;753727
1067;75;5;2;3;761506
1068;74;6;3;2;972842
1069;75;5;2;3;985011
1070;74;5;3;3;803160
1071;76;5;2;3;793965
1072;79;5;3;2;782848
1073;72;5;2;2;798546
1074;79;5;2;2;808246
1075;72;59;2;2;796932
1076;73;5;2;2;770040
1077;73;5;2;2;814948
1078;71;4;2;3;803947
1079;69;5;2;3;829727
1080;75;4;2;2;824074
1081;74;4;2;3;831620
1082;75;4;3;3;845563
1083;75;5;2;2;921118
1084;78;5;3;2;795892
1085;74;5;2;3;806058
1086;78;5;2;2;844435
1087;72;7;2;2;813695
1088;72;5;3;2;788898
1089;79;5;2;3;873318
1090;74;5;2;2;795197
1091;71;5;2;3;862601
1092;77;6;2;2;840860
1093;74;5;2;3;925224
1094;76;6;3;2;802770
1095;78;4;2;2;874119
1096;76;4;2;2;792340
1097;76;5;3;2;802369
1098;80;5;2;2;907713
1099;76;5;2;3;950595
1100;77;5;2;2;854319
1101;75;5;3;2;894163
1102;73;5;3;2;853460
1103;76;5;2;2;865581
1104;78;5;3;3;912002
1105;75;5;2;1;959137
1106;75;5;2;2;968002
1107;72;5;2;2;886278
1108;76;5;3;3;869262
1109;70;5;2;2;948906
1110;69;5;2;3;1005844
1111;78;5;2;2;840021
1112;77;60;3;2;877904
1113;75;4;2;2;905632
1114;78;5;2;2;924344
1115;75;5;2;2;898395
1116;77;5;3;2;1037065
1117;76;5;1;2;871323
1118;76;5;2;2;910931
1119;80;5;2;2;925310
1120;78;5;3;2;857927
1121;78;5;2;3;941094
1122;80;4;2;2;946250
1123;79;5;2;3;887687
1124;81;5;2;2;876104
1125;82;5;2;2;924938
1126;81;4;1;2;998578
1127;79;5;2;2;979822
1128;80;5;3;2;986307
1129;79;5;2;2;930943
1130;79;59;2;2;914314
1131;81;6;2;3;978167
1132;79;4;2;3;885283
1133;82;5;2;2;873763
1134;82;5;2;2;956374
1135;82;4;2;2;906373
1136;80;4;3;2;931878
1137;78;5;2;3;1049509
1138;86;5;2;2;949991
1139;81;5;2;3;950395
1140;79;4;3;2;992940
1141;82;5;2;2;952412
1142;83;5;2;2;1074209
1143;82;5;2;2;1010839
1144;82;4;2;2;959623
1145;81;4;1;2;901724
1146;83;5;2;2;970756
1147;79;5;2;3;1101591
1148;77;57;2;2;925845
1149;84;5;2;2;953503
1150;79;5;2;3;919374
1151;76;4;2;2;943256
1152;79;5;2;2;1008355
1153;81;5;2;2;1029727
1154;82;6;2;2;934636
1155;79;5;2;2;1073631
1156;101;5;3;2;933274
1157;77;5;2;2;976747
1158;75;5;2;2;1062755
1159;77;6;2;3;965212
1160;87;5;2;2;992363
1161;84;5;2;2;976385
1162;78;4;2;2;959599
1163;73;4;3;2;959354
1164;76;5;2;2;985502
1165;78;6;2;2;973041
1166;73;5;3;3;973988
1167;80;6;2;2;969641
1168;78;4;2;3;1008313
1169;79;5;2;2;949162
1170;77;5;2;3;1099657
1171;82;6;2;2;1082733
1172;78;4;2;2;1167748
1173;72;5;2;3;1023496
1174;81;5;3;2;919978
1175;79;4;2;2;913813
1176;80;4;2;2;975818
1177;79;5;2;3;913520
1178;81;5;2;2;957268
1179;80;5;2;2;985554
1180;82;5;3;2;930609
1181;79;4;2;2;928997
1182;81;5;2;2;976420
1183;80;5;2;3;918229
1184;81;5;3;2;938213
1185;84;63;2;2;980502
1186;75;6;2;3;959011
1187;83;6;3;3;942051
1188;80;5;2;2;1130971
1189;77;5;3;2;943268
1190;86;4;2;3;944254
1191;77;4;3;3;1085015
1192;84;4;2;2;979868
1193;78;5;3;2;977342
1194;82;5;2;3;1037479
1195;80;5;2;2;967439
1196;81;5;2;2;994759
1197;74;4;3;3;1064875
1198;83;4;2;3;1055527
1199;81;5;2;3;1009031
1200;80;4;2;2;1241097
1201;83;5;2;2;1240688
1202;90;5;3;2;1183570
1203;88;88;2;2;1032497
1204;89;5;1;2;965474
1205;91;5;1;2;972633
1206;85;5;2;3;1043146
1207;84;5;2;2;1100579
1208;82;5;2;2;1193462
1209;80;4;3;2;1110182
1210;82;5;2;2;1036377
1211;83;5;3;2;1003339
1212;81;5;2;2;1058588
1213;82;5;3;3;1048770
1214;82;5;3;2;988459
1215;83;5;3;2;1025120
1216;83;5;2;2;987440
1217;83;5;2;2;1049903
1218;86;5;3;3;1059430
1219;82;5;3;2;979204
1220;82;5;2;2;995210
1221;83;57;2;2;1053771
1222;81;6;2;2;1045906
1223;85;5;2;3;1022855
1224;83;4;2;2;1061357
1225;78;4;3;3;991491
1226;83;4;2;3;1597005
1227;84;4;2;2;1260196
1228;79;4;1;2;1170315
1229;83;5;2;2;1071576
1230;81;5;2;2;1194688
1231;85;5;2;2;1007329
1232;79;5;2;3;1051007
1233;87;5;2;2;1334307
1234;84;6;3;2;1194922
1235;83;5;2;2;1043906
1236;79;5;2;2;1158667
1237;84;5;2;2;1389528
1238;87;5;2;2;1097994
1239;84;5;2;2;1078128
1240;88;5;2;2;1284426
1241;86;5;1;2;1488341
1242;86;5;2;3;2226478
1243;86;4;3;2;1075266
1244;87;6;2;2;1238426
1245;89;5;2;3;1283471
1246;89;4;2;3;1370258
1247;80;4;2;2;1224255
1248;88;5;2;2;4280244
1249;87;5;2;2;2047324
1250;97;5;2;3;1887952
1251;92;5;2;3;1592480
1252;91;5;1;2;1452796
1253;84;5;2;2;1809997
1254;80;5;2;3;1418183
1255;83;5;2;2;1902000
1256;90;5;2;2;1526871
1257;98;5;2;3;1991856
1258;100;57;3;2;1451900
1259;100;5;2;3;1893734
1260;87;5;2;2;1678059
1261;84;5;1;3;2850822
1262;92;5;2;2;3111328
1263;85;5;3;2;3117686
1264;81;5;2;2;2434202
1265;84;5;2;2;1891374
1266;114;6;3;2;1585331
1267;124;5;2;3;2357736
1268;109;5;2;3;2326930
1269;87;5;2;3;2303073
1270;96;5;2;3;1822107
1271;108;5;2;3;1811916
1272;80;5;3;2;2001860
1273;84;5;3;2;2951194
1274;89;5;2;2;4561764
1275;90;6;2;3;1948132
1276;80;56;2;3;1875111
1277;80;4;2;3;2227851
1278;84;5;2;3;2145363
1279;80;5;3;2;1772956
1280;79;5;3;2;3358697
1281;81;5;2;2;1652562
1282;80;5;3;2;2428198
1283;81;5;3;2;3110593
1284;83;5;2;3;2042817
1285;82;5;2;3;1802546
1286;85;5;3;2;2227002
1287;86;4;2;2;1775701
1288;87;5;2;2;1521741
1289;85;6;2;2;1722268
1290;97;5;3;2;1604774
1291;87;4;3;2;1808171
1292;96;4;2;2;1530661
1293;90;5;2;2;1672902
1294;90;59;2;2;1920088
1295;88;5;2;2;1927157
1296;82;6;2;2;1979039
1297;79;5;3;2;2118219
1298;61;4;3;2;2237198
1299;62;6;3;2;1671980
1300;64;5;2;2;2099646
1301;61;5;2;2;2361579
1302;62;5;2;2;2883984
1303;62;5;2;2;3031938
1304;61;5;2;2;2030924
1305;62;5;2;2;2636213
1306;62;5;2;2;2373126
1307;78;27;2;1;1495492
1308;88;5;1;2;2097165
1309;86;6;2;2;1760625
1310;80;6;2;2;1602153
1311;87;5;2;2;1827012
1312;86;53;3;2;2039105
1313;82;5;3;3;1706846
1314;86;5;3;2;1825863
1315;98;5;3;2;1705679
1316;93;4;2;3;3402730
1317;100;5;2;3;3201610
1318;91;5;2;2;1846638
1319;89;4;2;2;2305473
1320;90;5;2;3;1824705
1321;87;7;3;3;1788381
1322;97;6;2;2;1516478
1323;94;5;2;2;1788697
1324;98;5;1;2;1643532
1325;96;5;3;2;1720580
1326;92;5;2;2;1575202
1327;100;5;2;2;1667748
1328;103;5;2;2;1585293
1329;99;5;3;2;1576453
1330;102;4;2;2;1558832
1331;105;6;2;2;1739075
1332;104;6;2;3;2733281
1333;113;5;2;3;2152339
1334;102;4;2;2;2008126
1335;105;5;2;2;1772091
1336;102;5;2;2;1805099
1337;100;5;3;2;1517496
1338;103;5;3;1;2063656
1339;106;5;3;2;1567070
1340;105;5;2;2;1875366
1341;101;5;2;3;1794848
1342;101;5;3;2;1620234
1343;100;5;2;3;1743274
1344;98;6;2;2;1987636
1345;105;5;2;2;1554661
1346;100;5;2;2;1768923
1347;98;5;2;3;1562804
1348;104;5;2;2;1628453
1349;101;141;3;2;1654955
1350;107;5;4;2;1645496
1351;102;5;2;2;2067303
1352;110;6;1;2;1763802
1353;106;5;2;2;1564566
1354;99;5;3;3;1746397
1355;102;5;3;2;1557513
1356;104;6;2;2;1661983
1357;107;5;3;3;1704434
1358;106;5;2;3;1445286
1359;109;5;2;2;1626872
1360;107;5;2;2;1665792
1361;111;5;3;2;1528779
1362;107;5;3;2;1880102
1363;111;5;2;3;1833792
1364;105;5;2;3;1573332
1365;110;5;2;2;1970141
1366;116;5;3;2;1619890
1367;106;60;2;2;2965086
1368;115;5;3;2;1376977
1369;108;4;2;2;1382752
1370;109;4;2;3;1338954
1371;107;5;2;3;1437094
1372;103;4;2;3;2575887
1373;107;4;1;3;2133559
1374;129;5;2;3;1872576
1375;109;5;2;2;1746943
1376;114;5;3;2;1645658
1377;112;4;2;2;1407877
1378;108;5;2;2;1343174
1379;115;5;2;3;1347164
1380;109;5;2;2;1395049
1381;90;4;3;2;1322624
1382;93;5;3;3;1424240
1383;95;4;3;2;1926409
1384;100;4;2;3;1400554
1385;95;55;3;3;1384053
1386;98;4;2;3;1318897
1387;90;4;2;2;1262086
1388;91;5;2;2;1266645
1389;94;5;2;3;1335749
1390;93;5;2;3;1431292
1391;88;5;1;3;1272855
1392;90;4;2;3;1395773
1393;90;4;2;2;1279391
1394;94;5;1;2;1276809
1395;90;5;2;2;1342443
1396;91;5;2;2;1271519
1397;95;5;2;2;1276322
1398;95;5;3;3;1413713
1399;91;5;3;3;1278506
1400;95;6;2;2;1281959
1401;99;4;2;3;1365490
1402;105;4;2;2;1287843
1403;94;4;2;2;1300438
1404;100;7;2;2;1357540
1405;100;5;2;3;1371746
1406;97;5;3;2;1306082
1407;95;5;2;3;1405238
1408;92;5;3;3;1294346
1409;98;5;4;2;1294061
1410;96;5;2;2;1375024
1411;106;5;2;3;1306226
1412;99;4;2;2;1302975
1413;86;5;2;2;1453114
1414;100;4;3;3;1306743
1415;102;5;2;3;1301459
1416;91;5;2;2;1384164
1417;89;5;2;3;1314533
1418;89;5;2;2;1315901
1419;92;5;2;2;1389431
1420;97;5;2;2;1368503
1421;91;5;1;2;1321269
1422;91;54;2;3;1392621
1423;97;5;2;2;1314556
1424;93;4;3;2;1337206
1425;94;6;2;2;1387377
1426;91;5;2;3;1321821
1427;97;5;2;2;1348726
1428;94;4;2;2;1481058
1429;97;4;3;1;1334964
1430;98;5;3;3;1349721
1431;96;5;3;3;1419328
1432;98;4;2;2;1339246
1433;99;4;1;1;1349444
1434;89;5;2;2;1411420
1435;95;6;2;3;1391616
1436;93;5;2;2;1358324
1437;90;5;2;2;1416234
1438;99;5;2;3;1360141
1439;103;4;2;2;1350333
1440;99;58;3;2;1431515
1441;104;5;3;2;1366306
1442;101;5;2;3;1408125
1443;99;5;3;3;1428697
1444;104;4;2;2;1359965
1445;104;5;2;2;1363801
1446;104;4;3;3;1442512
1447;105;5;2;2;1372133
1448;103;4;1;2;1377201
1449;118;5;2;2;1538322
1450;103;5;2;3;1382721
1451;95;5;2;3;1377425
1452;95;4;1;3;1440821
1453;106;5;2;3;1380690
1454;93;5;2;2;1373085
1455;99;5;2;2;1458240
1456;97;5;2;2;1406882
1457;95;4;2;3;1391307
1458;99;56;3;2;1484045
1459;97;4;2;2;1388501
1460;97;5;1;2;1397306
1461;103;4;2;3;1469296
1462;104;4;3;3;1412973
1463;99;5;3;2;1481491
1464;90;5;2;2;1474362
1465;105;5;2;2;1420264
1466;102;5;2;3;1403337
1467;106;5;2;2;1481436
1468;109;7;2;2;1407148
1469;109;5;2;2;1419386
1470;110;4;3;3;1524183
1471;106;5;2;2;1413107
1472;133;6;2;3;1485350
1473;107;4;3;2;1492902
1474;97;5;2;3;1428673
1475;95;7;3;2;1416299
1476;97;5;2;2;1504109
1477;100;5;2;2;1483157
1478;99;4;2;3;1436407
1479;96;5;1;3;1501720
1480;103;5;2;2;1455917
1481;97;4;2;2;1432140
1482;101;5;2;2;1515780
1483;101;4;2;2;1428378
1484;105;4;2;2;1495130
1485;117;4;2;3;1513362
1486;100;5;3;2;1442374
1487;101;5;2;2;1445016
1488;125;5;3;2;1574754
1489;97;5;2;2;1449184
1490;103;5;3;3;1450751
1491;99;5;2;2;1607867
1492;94;4;2;2;1448824
1493;101;5;3;2;1456600
1494;107;4;3;2;1534364
1495;101;84;2;3;1461178
1496;100;5;2;2;1515978
1497;108;5;2;2;1636746
1498;106;5;2;3;1688453
1499;102;5;3;3;1464501
1500;108;4;2;3;1567546
1501;102;4;2;2;1483747
1502;108;4;3;2;1484605
1503;104;6;2;2;1596847
1504;103;5;3;2;1580002
1505;108;5;3;2;1477172
1506;94;4;3;2;1562287
1507;95;4;2;3;1498491
1508;99;4;2;3;1491462
1509;99;5;3;2;1566187
1510;99;4;2;1;1581411
1511;96;4;2;2;1491260
1512;102;5;2;2;1576904
1513;103;54;2;2;1493290
1514;106;5;2;3;1504570
1515;95;5;2;3;1579601
1516;100;4;1;2;1498573
1517;96;4;2;2;1547588
1518;96;4;2;2;1585862
1519;97;5;1;2;1512561
1520;97;5;2;2;1511624
1521;101;6;2;2;1591851
1522;95;5;2;2;1511993
1523;97;5;3;3;1609596
1524;101;4;2;3;1602845
1525;102;5;2;3;1520299
1526;98;6;2;3;1526926
1527;103;6;2;3;1601221
1528;103;5;2;2;1533610
1529;100;4;2;2;1530558
1530;98;5;2;3;1688331
1531;97;51;2;3;1532239
1532;99;4;2;2;1529799
1533;100;4;3;2;1616014
1534;98;5;2;3;1528903
1535;99;4;1;4;1549682
1536;102;5;2;2;1674454
1537;101;5;3;2;1624624
1538;98;4;3;2;1547844
1539;100;5;2;2;1629001
1540;104;5;2;1;1550992
1541;101;4;3;2;1560911
1542;98;4;2;2;1716999
1543;103;5;2;3;1556530
1544;113;5;3;2;1549611
1545;107;4;2;2;1647586
1546;100;4;2;2;1562095
1547;104;4;3;2;1561377
1548;102;5;2;2;1774310
1549;97;55;2;2;1560189
1550;103;5;2;3;1575550
1551;100;5;2;2;1654286
1552;98;5;3;1;1640220
1553;107;6;2;2;1577263
1554;112;7;2;2;1655352
1555;104;5;2;2;1639536
1556;102;5;2;2;1606613
1557;103;5;2;2;1659272
1558;106;5;3;2;1586430
1559;102;5;3;3;1586763
1560;106;4;2;2;1672357
1561;104;4;2;2;1670217
1562;100;5;3;2;1613732
1563;102;5;2;3;1675074
1564;101;5;2;2;1600204
1565;104;5;2;2;1604829
1566;114;5;2;3;1692981
1567;136;4;2;2;1653225
1568;109;59;2;3;1612631
1569;119;5;2;2;1695880
1570;129;4;3;3;1640868
1571;120;5;2;2;1601509
1572;128;5;2;2;1721915
1573;123;5;2;2;1682015
1574;119;5;2;3;1616486
1575;124;4;2;2;1711206
1576;124;4;2;2;1624286
1577;125;4;2;2;1628375
1578;127;4;2;3;1720762
1579;129;5;2;2;1694214
1580;126;5;2;2;1627484
1581;136;5;2;3;1728616
1582;128;4;1;2;1643963
1583;129;4;2;2;1674093
1584;128;4;2;3;1786297
1585;129;5;2;2;1702336
1586;127;54;2;2;1659462
1587;130;5;2;2;1749437
1588;127;5;2;3;1646444
1589;130;5;2;3;1653936
1590;128;4;2;3;1736069
1591;129;4;2;3;1725239
1592;127;5;2;2;1677763
1593;130;5;2;2;1734146
1594;122;4;2;2;1661519
1595;119;5;2;2;1665022
1596;113;5;2;2;1744866
1597;108;5;2;2;1853734
1598;105;6;2;2;1682281
1599;106;5;2;2;1756646
1600;107;4;3;2;1669742
1601;105;5;2;2;1678612
1602;101;5;2;2;1913220
1603;102;5;2;2;1683093
1604;106;61;2;2;1681311
1605;107;5;3;2;1773023
1606;100;5;3;3;1690270
1607;108;5;2;3;1687249
1608;111;5;2;3;1844027
1609;114;5;2;2;1694463
1610;108;5;3;2;1719508
1611;108;5;3;2;1779672
1612;112;4;2;2;1751148
1613;112;4;3;2;1698304
1614;115;5;2;3;1858024
1615;106;5;2;3;1698892
1616;110;5;3;2;1709447
1617;111;5;2;3;1800376
1618;116;5;2;2;1711870
1619;113;5;2;1;1711135
1620;121;5;3;2;1863968
1621;110;5;2;2;1721398
1622;116;62;3;3;1756429
1623;111;6;2;2;1806690
1624;113;6;2;2;1750988
1625;112;5;2;3;1745226
1626;115;5;2;3;1832698
1627;123;5;2;2;1735813
1628;119;5;2;2;1731286
1629;119;5;2;3;1828275
1630;124;5;2;2;1742206
1631;126;5;2;2;1801850
1632;125;4;3;3;1851329
1633;119;4;2;3;1738960
1634;106;6;3;3;1750283
1635;114;5;2;2;1854101
1636;102;4;2;2;1878961
1637;108;4;2;2;1756191
1638;106;5;2;3;1854110
1639;104;4;2;2;1757018
1640;112;5;2;2;1806151
1641;114;5;2;2;1870259
1642;123;5;2;2;1819623
1643;113;5;4;3;1772740
1644;109;6;2;2;1873463
1645;114;5;3;2;1768139
1646;105;5;2;2;1785042
1647;108;5;2;3;2019656
1648;108;6;2;3;1798743
1649;109;4;2;2;1775786
1650;136;4;2;2;1890955
1651;110;4;2;2;1783747
1652;108;4;1;2;1803027
1653;123;5;2;3;1958139
1654;115;5;2;2;1786569
1655;111;5;2;2;1786386
1656;120;5;2;2;1896107
1657;111;5;2;2;1796901
1658;108;4;2;2;1883105
1659;115;54;2;2;1905795
1660;124;5;2;2;1813370
1661;107;4;2;2;1805984
1662;119;4;2;3;1904814
1663;120;5;2;2;1803476
1664;107;4;2;3;1877817
1665;108;4;2;2;1964555
1666;108;5;3;3;1813190
1667;112;5;2;3;1857115
1668;110;5;2;2;1925960
1669;115;5;2;2;1891960
1670;108;4;3;2;1818280
1671;109;5;2;3;1929630
1672;112;5;2;2;1828026
1673;116;4;2;2;1828192
1674;114;4;2;2;2086768
1675;117;4;2;2;2005666
1676;115;4;2;2;1907949
1677;110;54;2;2;1941240
1678;111;5;2;3;1843317
1679;109;5;1;2;1912178
1680;116;5;3;3;2017381
1681;123;5;1;3;1845956
1682;114;5;2;3;1885065
1683;120;5;2;2;1953537
1684;119;5;3;2;1864629
1685;126;5;2;2;1942343
1686;119;5;3;2;1962647
1687;125;4;2;2;1873985
1688;119;5;2;2;1867598
1689;134;5;2;2;1972969
1690;117;5;2;2;1929750
1691;114;5;2;2;1870079
1692;130;5;2;2;1985678
1693;113;4;2;2;1872196
1694;115;4;2;2;1891052
1695;114;54;2;2;2059863
1696;114;5;2;2;1897684
1697;116;5;2;3;1886508
1698;119;5;2;3;1989736
1699;122;5;2;3;1883558
1700;108;4;2;2;1953756
1701;126;5;3;3;2013604
1702;123;6;2;2;1894649
1703;126;5;2;2;1899585
1704;126;5;2;2;2009848
1705;129;5;2;3;2038203
1706;123;5;2;2;1907815
1707;126;5;2;2;2007487
1708;112;5;3;3;1909887
1709;116;4;2;3;1910194
1710;121;5;3;2;2167217
1711;113;4;3;2;1914280
1712;115;4;2;2;1920865
1713;117;4;2;2;2033653
1714;113;5;2;2;1929721
1715;115;5;2;3;1993796
1716;128;5;2;2;2085365
1717;112;5;3;2;1934589
1718;121;5;3;3;1928965
1719;113;5;2;3;2034540
1720;109;5;2;2;2097687
1721;112;4;2;3;1938500
1722;114;7;2;2;2059873
1723;118;4;2;3;1952693
1724;110;5;2;2;1945582
1725;116;6;3;2;2228423
1726;115;6;2;2;1991097
1727;115;5;2;2;1959276
1728;114;6;2;2;2066146
1729;118;6;2;3;1965350
1730;119;5;3;3;2049626
1731;119;6;3;2;2063077
1732;118;58;2;2;1962142
1733;139;4;2;2;1968103
1734;113;5;2;3;2087993
1735;120;5;2;2;2126162
1736;118;4;2;2;1983369
1737;120;5;2;2;2084507
1738;129;5;2;2;2006533
1739;124;5;3;3;1975063
1740;125;4;2;3;2263696
1741;121;6;2;2;2000396
1742;114;5;2;2;2005667
1743;122;5;2;2;2390835
1744;128;5;2;3;2035992
1745;134;5;2;2;2085883
1746;125;5;3;2;2148939
1747;121;4;2;2;2117730
1748;115;5;2;2;2012791
1749;113;4;2;2;2117671
1750;111;60;2;3;2100689
1751;112;5;2;3;2016761
1752;110;5;2;3;2128563
1753;117;5;2;3;2011520
1754;109;5;2;3;2018961
1755;108;5;2;3;2352652
1756;115;5;2;3;2053244
1757;114;6;2;2;2034208
1758;117;5;2;3;2173171
1759;110;5;2;3;2174247
1760;111;5;3;2;2087163
1761;114;5;2;3;2467189
1762;115;5;3;3;2550866
1763;125;4;3;2;2415057
1764;120;4;2;3;2163851
1765;117;4;2;2;2053679
1766;119;5;2;3;2088843
1767;115;5;3;3;2367167
1768;117;59;2;3;2339920
1769;115;6;3;3;2123510
1770;119;5;3;3;2437871
1771;118;4;2;2;2420331
1772;114;4;2;2;2319071
1773;119;5;2;3;2259204
1774;127;5;1;3;2302186
1775;123;5;2;3;3007239
1776;120;6;2;3;2498900
1777;118;5;2;2;2402201
1778;117;5;2;2;2585945
1779;117;5;2;2;2932970
1780;115;5;2;3;3098212
1781;118;5;2;3;2458918
1782;117;5;2;3;2234678
1783;116;4;2;3;2099084
1784;119;5;2;3;2370139
1785;127;6;2;3;2371662
1786;119;5;2;3;2128105
1787;120;6;2;2;2199606
1788;118;5;2;2;2287525
1789;116;4;2;3;2118116
1790;118;4;3;2;2094012
1791;122;5;2;2;2202314
1792;119;5;3;3;2078489
1793;118;5;2;2;2560668
1794;125;5;2;3;2217496
1795;123;5;2;2;2091248
1796;126;6;2;2;2224833
1797;120;5;2;3;2457685
1798;119;5;3;2;2182570
1799;118;5;2;289;2110457
1800;119;5;3;3;2202698
1801;120;5;3;5;2119970
1802;124;5;2;2;2215369
1803;119;5;3;3;2222852
1804;122;6;2;2;2201944
1805;126;52;2;2;2256225
1806;120;4;3;3;2239299
1807;117;5;2;2;2172516
1808;113;5;2;2;2137120
1809;115;6;2;3;2259795
1810;117;6;2;3;2170234
1811;118;6;1;3;2224378
1812;129;6;2;5;2258196
1813;120;6;2;4;2496376
1814;136;6;3;3;2228255
1815;121;5;2;3;2271643
1816;130;5;2;3;2269539
1817;129;5;2;2;2447783
1818;126;5;2;2;2288737
1819;125;6;1;3;2187169
1820;121;5;2;2;2269912
1821;120;5;2;3;2312812
1822;122;5;2;2;2148538
1823;123;58;2;2;2150484
1824;139;4;2;2;2365908
1825;160;4;2;2;2224610
1826;185;5;3;2;2176535
1827;127;6;2;2;2267900
1828;130;5;2;2;2153458
1829;128;5;2;3;2329665
1830;122;4;2;3;2267719
1831;130;5;2;3;2189139
1832;130;5;3;2;2192196
1833;140;5;2;2;2406330
1834;148;5;2;2;2169810
1835;144;5;3;3;2173996
1836;145;5;3;3;2322207
1837;144;5;2;2;2193735
1838;143;5;2;3;2243008
1839;152;5;3;3;2310563
1840;151;5;2;3;2195143
1841;145;57;2;3;2368620
1842;142;5;2;3;2430047
1843;147;5;2;2;2237905
1844;145;5;2;2;2222214
1845;157;5;2;2;2357493
1846;147;5;2;2;2226253
1847;151;5;2;3;2285649
1848;152;6;2;2;2385108
1849;148;5;2;2;2233726
1850;145;4;2;2;2332104
1851;148;4;3;2;2609232
1852;144;5;2;2;2449339
1853;137;5;2;3;2424766
1854;143;5;2;2;2587233
1855;147;4;2;3;2801926
1856;139;6;3;3;2373731
1857;145;5;2;2;2376820
1858;151;5;2;3;2292409
1859;150;59;2;2;3600401
1860;144;5;2;2;2617932
1861;132;4;2;2;3840909
1862;134;4;3;2;3289870
1863;142;4;2;2;3508342
1864;142;5;2;2;3280480
1865;132;5;2;3;2977364
1866;136;4;2;3;3134189
1867;134;5;2;3;4356632
1868;124;5;1;2;4974790
1869;117;5;2;3;5682985
1870;122;5;2;2;4125060
1871;118;5;2;2;4380797
1872;118;5;2;3;3624900
1873;116;5;2;2;3076665
1874;118;6;2;2;2807361
1875;122;6;2;2;3791836
1876;143;5;2;2;3355540
1877;128;4;2;2;3378113
1878;117;7;2;2;3149171
1879;122;4;2;3;3136889
1880;122;5;3;2;4309274
1881;121;5;2;3;5358244
1882;115;5;3;3;3886583
1883;118;4;3;2;3827550
1884;119;5;2;3;4050382
1885;119;6;2;3;3683324
1886;146;4;3;2;3486110
1887;131;5;2;3;3980338
1888;134;5;2;2;3587322
1889;128;5;2;2;4036482
1890;125;5;3;2;4580987
1891;130;5;2;2;7105563
1892;125;5;2;2;4542262
1893;132;4;2;3;4119224
1894;124;4;2;3;3866242
1895;124;5;2;2;3882527
1896;123;50;2;2;3910567
1897;130;4;2;2;3654505
1898;125;5;2;2;3530558
1899;118;5;2;3;3232600
1900;132;7;2;2;3521159
1901;128;4;2;3;3068339
1902;137;4;2;2;3035860
1903;298;4;2;2;2732781
1904;126;5;2;2;3008752
1905;120;5;2;2;5723873
1906;122;5;2;2;5051333
1907;118;5;3;3;4536861
1908;142;4;2;2;6438988
1909;136;4;2;3;4665427
1910;130;5;2;2;4377541
1911;121;4;2;2;3442066
1912;253;4;3;3;4683465
1913;128;5;2;3;2662738
1914;132;59;2;2;3607444
1915;127;5;2;3;5137505
1916;124;5;2;3;4988206
1917;127;5;2;3;6670783
1918;131;4;2;3;5926183
1919;127;4;2;3;4670488
1920;131;5;3;2;2939989
1921;126;5;2;3;5361692
1922;124;5;3;2;5195413
1923;132;4;2;2;4763081
1924;135;4;3;3;3842914
1925;131;5;3;2;4730189
1926;129;4;3;1;3426233
1927;132;4;2;2;4172015
1928;134;5;3;3;3586289
1929;126;5;3;2;3420195
1930;130;5;2;3;3921312
1931;127;4;3;3;3655674
1932;125;90;2;3;3202413
1933;132;5;2;2;3892376
1934;132;5;2;2;3134162
1935;126;5;2;2;2734265
1936;138;5;3;3;3151333
1937;140;5;3;2;3569190
1938;131;5;3;3;3869222
1939;137;5;2;2;3047310
1940;131;5;2;3;3057769
1941;133;4;2;2;2782428
1942;135;5;3;2;2698753
1943;136;5;2;3;3031395
1944;141;5;2;2;2878531
1945;135;5;3;3;3226778
1946;138;4;2;3;3122129
1947;126;5;2;2;2864736
1948;129;5;2;2;2743255
1949;130;5;2;3;2802201
1950;136;5;2;2;2658427
1951;139;6;2;2;3171504
1952;140;6;3;3;2621771
1953;139;5;2;2;2762473
1954;141;5;3;3;2580031
1955;138;5;2;2;2587169
1956;132;4;3;2;2722235
1957;175;6;2;2;2889147
1958;125;5;3;2;2951174
1959;123;6;2;2;2666596
1960;125;5;2;2;2661776
1961;125;5;3;3;2730143
1962;127;5;2;2;2739348
1963;133;5;2;3;2598926
1964;126;5;2;3;2662726
1965;124;5;1;3;2750195
1966;130;4;2;2;2627811
1967;128;5;2;2;2576433
1968;130;5;2;2;2903120
1969;126;53;2;3;2632276
1970;131;5;2;2;3141768
1971;127;4;2;2;2983563
1972;134;4;2;3;2639653
1973;130;5;2;2;3309222
1974;131;5;2;2;4580875
1975;131;5;2;3;3520503
1976;131;5;3;3;2690159
1977;136;4;2;2;2820201
1978;125;5;3;3;2589353
1979;127;6;2;3;2616568
1980;132;5;2;3;2727113
1981;130;5;1;2;3369267
1982;128;5;2;2;3522472
1983;134;5;2;3;3309761
1984;129;5;2;3;3017230
1985;129;5;2;2;2678518
1986;130;5;3;3;2755652
1987;132;57;2;2;2664263
1988;132;4;2;3;2796241
1989;129;5;2;3;2799044
1990;138;5;2;2;2692972
1991;132;4;2;2;2776221
1992;130;4;2;2;2740137
1993;135;5;3;2;2638297
1994;132;4;2;3;2640188
1995;138;5;2;2;3253440
1996;131;4;3;2;3075006
1997;137;5;2;2;2630581
1998;125;5;2;2;2868404
1999;132;5;2;3;2703955
