0;21644;1248;1089;1762;2576;3799
1;3880;1;1;1;1;4105
2;4124;1;2;2;1521;98
3;112;1;1;4;3;2
4;5;1;1;3;4;2
5;4;1;0;3;5;2
6;4;0;1;5;5;1
7;3;1;0;4;5;1
8;3;1;1;6;7;2
9;3;1;1;8;7;2
10;3;0;1;9;9;2
11;3;1;1;10;10;1
12;3;1;1;11;11;2
13;4;1;1;13;12;2
14;4;1;1;15;14;2
15;4;1;1;18;15;2
16;4;1;1;14;17;3
17;4;1;1;19;19;2
18;3;1;1;22;21;3
19;5;1;1;26;23;2
20;4;2;1;27;25;2
21;4;1;1;30;27;2
22;4;1;1;30;30;2
23;3;1;2;32;32;3
24;5;2;1;37;35;3
25;5;2;1;40;38;3
26;5;2;1;40;41;3
27;4;1;1;42;44;4
28;6;2;2;53;46;3
29;5;2;2;55;50;4
30;6;1;2;55;52;3
31;5;2;2;58;56;4
32;5;1;1;65;60;4
33;6;2;2;63;62;3570
34;3582;2;3;72;72;15
35;17;2;2;91;91;17
36;24;3;2;102;106;18
37;23;2;3;97;78;19
38;26;3;3;112;81;14
39;19;2;2;90;85;13
40;15;2;2;93;89;13
41;15;2;2;100;93;13
42;15;2;3;106;96;12
43;14;2;2;104;100;13
44;15;3;2;114;105;14
45;15;2;2;117;112;14
46;16;2;2;116;118;14
47;16;2;2;122;120;14
48;15;2;2;127;125;15
49;17;2;2;134;129;14
50;16;2;2;140;133;15
51;17;3;2;139;140;15
52;17;2;3;156;146;15
53;17;3;2;159;150;16
54;18;3;2;168;154;16
55;18;3;2;167;159;15
56;17;3;2;166;166;15
57;17;2;2;172;170;22
58;23;2;3;183;175;17
59;19;2;3;181;182;16
60;18;3;3;192;187;16
61;18;3;3;200;192;16
62;18;3;3;202;198;17
63;18;2;2;216;204;17
64;19;3;3;223;222;17
65;19;3;3;217;216;31
66;32;3;3;230;224;37
67;38;3;3;238;229;30
68;31;2;3;246;239;29
69;31;3;2;253;242;30
70;32;4;3;258;248;29
71;30;3;3;275;254;31
72;33;3;3;281;265;30
73;31;3;3;280;269;31
74;33;3;3;280;277;30
75;32;3;3;294;283;30
76;32;3;3;292;293;32
77;34;3;4;309;297;32
78;34;3;4;311;304;32
79;33;3;3;319;312;38
80;40;3;3;320;326;33
81;35;3;4;326;333;33
82;35;4;3;356;335;31
83;32;3;3;352;348;32
84;34;4;4;357;349;32
85;33;3;4;373;360;33
86;35;4;4;377;367;33
87;35;3;4;376;374;33
88;35;4;4;391;383;34
89;35;4;4;403;393;33
90;34;4;4;406;399;33
91;35;3;4;425;409;41
92;43;4;4;415;424;34
93;36;4;4;430;426;35
94;37;4;4;438;435;34
95;36;4;4;440;444;35
96;37;4;4;458;453;36
97;38;4;4;454;461;49
98;51;4;4;482;470;42
99;44;4;5;470;478;44
100;46;4;5;486;489;43
101;44;4;4;509;504;43
102;45;4;4;511;524;50
103;52;5;4;508;524;44
104;46;5;4;538;527;45
105;46;4;4;560;544;44
106;46;4;4;525;544;46
107;48;4;4;567;556;46
108;48;5;4;571;566;45
109;47;5;4;576;574;46
110;47;4;5;608;593;48
111;49;4;5;596;595;47
112;49;5;4;622;607;46
113;47;4;5;604;617;46
114;48;5;4;625;626;47
115;49;5;5;647;647;48
116;50;5;5;652;648;56
117;58;5;5;667;657;49
118;51;4;5;682;680;49
119;51;4;5;697;680;49
120;51;4;5;674;689;55
121;57;5;5;696;704;50
122;52;5;5;700;715;50
123;52;5;5;714;726;50
124;52;5;5;745;744;51
125;53;5;5;739;747;51
126;52;5;5;775;760;51
127;53;5;5;793;773;50
128;52;5;5;790;784;52
129;54;5;5;832;795;72
130;73;5;6;803;812;72
131;73;5;5;826;818;72
132;74;5;5;809;880;85
133;91;5;5;1529;1293;123
134;149;6;6;883;863;74
135;76;6;6;916;883;107
136;110;6;6;881;883;75
137;77;5;6;892;899;73
138;76;5;5;908;908;83
139;84;5;5;950;944;80
140;92;6;6;1006;943;78
141;90;6;6;959;955;93
142;98;6;7;959;969;75
143;80;6;6;1006;975;76
144;80;6;6;1000;992;88
145;92;6;6;1036;997;79
146;82;5;5;1011;1008;76
147;78;6;6;996;1022;88
148;93;5;6;1048;1045;77
149;80;7;6;1028;1079;74
150;78;5;6;1102;1083;536
151;544;6;6;1086;1074;76
152;78;6;6;1059;1088;76
153;78;6;6;1092;1124;85
154;88;6;6;1154;1118;77
155;79;6;6;1121;1133;77
156;79;6;6;1115;1164;84
157;86;6;6;1145;1169;79
158;81;6;6;1176;1179;77
159;78;6;7;1178;1204;84
160;86;6;6;1221;1206;80
161;82;7;7;1201;1233;86
162;88;6;6;1197;1235;92
163;94;7;6;1231;1244;85
164;87;6;7;1276;1260;86
165;88;6;6;1280;1714;102
166;123;7;7;1248;1290;88
167;90;6;6;1307;1308;107
168;109;7;7;1318;1320;87
169;89;6;7;1326;1337;88
170;90;7;7;1372;1358;96
171;97;6;6;1387;1370;90
172;91;6;6;1382;1414;88
173;90;7;7;1374;1398;90
174;91;6;6;1400;1418;90
175;92;7;7;1410;1439;98
176;99;7;7;1446;1449;90
177;92;6;7;1479;1465;91
178;93;7;7;1454;1484;97
179;99;7;7;1478;1494;92
180;94;6;7;1515;1531;98
181;100;7;7;1567;1536;93
182;94;7;7;1512;1549;91
183;93;7;8;1543;1588;98
184;100;7;7;1549;1583;93
185;94;6;7;1533;1596;100
186;102;7;8;1652;1608;92
187;94;7;7;1609;1633;93
188;95;8;7;1622;1648;100
189;102;8;7;1603;1666;93
190;95;7;7;1627;1683;100
191;102;7;8;1668;1726;95
192;97;8;7;1674;1721;96
193;97;7;8;1684;1901;109
194;117;8;8;2526;1785;115
195;131;8;8;1720;1764;121
196;123;7;8;1777;1815;108
197;110;7;8;1826;1833;116
198;118;7;8;1835;1826;108
199;110;8;8;1800;1856;116
200;118;7;7;1831;1867;108
201;110;8;8;1868;1905;115
202;117;8;8;1853;1896;111
203;112;7;8;1854;1907;118
204;120;8;8;1925;1934;109
205;111;8;8;1911;1981;108
206;110;8;8;1889;1970;110
207;112;8;8;1959;1980;113
208;115;8;8;1959;2012;118
209;120;8;8;1982;2058;113
210;115;8;8;2002;2035;117
211;119;7;8;2550;2422;120
212;138;8;9;2110;2189;142
213;151;8;8;2076;2148;116
214;120;8;8;2127;2144;133
215;139;8;8;2138;2165;115
216;121;8;9;2139;2178;123
217;125;8;9;2121;2235;115
218;117;7;8;2081;2191;123
219;124;8;9;2160;2218;114
220;116;8;9;2150;2230;120
221;122;8;8;2197;2292;116
222;118;8;9;2245;2269;124
223;126;8;9;2279;2289;116
224;118;9;9;2258;2319;121
225;123;8;9;2319;2375;121
226;123;9;9;2305;2360;133
227;135;8;9;2355;2377;123
228;125;8;9;2332;2397;131
229;133;8;9;2364;2417;124
230;126;8;9;2407;2441;133
231;135;8;9;2418;2872;142
232;180;10;9;2445;2504;157
233;164;9;9;2424;2524;129
234;132;8;8;2436;2566;139
235;144;9;9;2467;2582;128
236;133;9;10;2497;2568;128
237;130;9;9;2566;2622;130
238;136;9;9;2562;2602;129
239;131;9;9;2831;2666;145
240;151;9;9;2608;2720;129
241;131;9;9;3104;2739;152
242;166;10;9;2579;2685;132
243;133;9;9;2617;2727;136
244;139;9;10;2772;2746;131
245;133;8;9;2767;2761;138
246;140;9;9;2688;2783;132
247;134;9;9;2760;2811;133
248;135;10;9;2723;2831;140
249;142;10;10;2804;2841;132
250;134;9;9;2744;2872;139
251;141;9;9;2790;2905;135
252;137;9;9;2806;2919;139
253;141;9;9;2872;2950;134
254;136;10;10;2834;2968;133
255;135;10;10;3092;3042;145
256;149;10;10;2888;3019;137
257;140;9;10;2946;3033;183
258;185;10;10;3046;3053;181
259;183;9;9;3002;3078;174
260;177;10;10;3420;3302;198
261;212;11;11;3071;3177;181
262;184;11;10;3039;3147;175
263;178;9;10;3148;3167;176
264;178;10;10;3120;3198;182
265;184;9;10;3148;3232;181
266;183;10;10;3180;3296;176
267;178;10;11;3764;3342;198
268;212;11;11;3254;3299;184
269;187;10;11;3223;3316;177
270;179;10;11;3268;3331;178
271;179;10;10;3277;3357;182
272;184;10;11;3345;3383;183
273;185;10;11;3395;3402;177
274;179;10;11;3331;3440;179
275;181;10;11;3397;3467;184
276;186;11;10;3324;3500;183
277;185;10;11;3448;3515;177
278;179;10;11;3416;3562;178
279;180;10;11;3331;3554;184
280;186;10;11;3520;3645;185
281;187;10;11;3583;3602;180
282;182;11;11;3442;3632;185
283;187;10;10;3561;3666;184
284;186;10;10;3849;3678;183
285;192;10;11;3701;3709;181
286;183;11;11;3653;3747;186
287;189;11;11;3670;3781;187
288;189;11;11;3701;3792;179
289;181;10;11;3883;3819;189
290;198;11;11;3763;3848;197
291;199;10;11;3747;3880;196
292;199;10;11;3720;3883;196
293;206;11;11;3778;3924;193
294;197;11;12;3859;3936;196
295;198;11;12;3939;3962;196
296;199;11;11;3822;4125;198
297;202;11;11;3804;4031;190
298;193;11;11;3884;4056;190
299;192;11;11;4032;4109;197
300;199;11;11;3985;4125;194
301;197;11;12;4009;4218;193
302;195;11;11;3929;4168;192
303;194;11;11;4089;4178;197
304;199;11;11;4265;4296;209
305;221;12;12;4108;4247;198
306;200;12;12;4142;4254;192
307;193;11;12;4135;4287;192
308;194;12;12;5163;4423;224
309;243;12;13;4286;4347;202
310;205;11;12;4376;4417;200
311;203;12;12;4411;4408;193
312;195;12;12;4244;4428;192
313;194;12;12;4318;4456;201
314;203;12;12;4277;4483;201
315;203;12;12;4341;4510;203
316;205;11;12;4556;4549;195
317;197;11;12;4542;4575;196
318;198;11;12;4482;4680;211
319;213;11;12;4488;4644;204
320;206;11;12;4498;4689;202
321;204;12;12;4562;4710;214
322;217;12;12;4582;4989;212
323;221;12;12;4585;4748;210
324;212;12;12;4679;4777;215
325;217;12;12;4899;4795;231
326;245;12;13;4633;4832;216
327;219;12;15;4945;4849;218
328;220;11;12;4875;4938;227
329;229;12;13;4885;4958;211
330;215;12;13;4819;4938;211
331;213;12;13;4780;5066;216
332;218;12;12;4968;5014;218
333;220;12;13;4899;5037;217
334;219;12;13;4929;5158;219
335;221;12;13;5006;5101;226
336;228;12;13;4952;5133;213
337;215;13;13;4973;5174;216
338;218;12;13;5000;5816;219
339;233;13;13;5000;5557;232
340;243;13;13;5041;5296;223
341;226;12;12;5091;5293;223
342;225;12;13;5105;5300;220
343;222;12;12;5149;5343;221
344;223;13;13;5316;5382;215
345;216;12;13;5235;5393;215
346;217;12;13;5246;5417;218
347;220;12;13;5320;5517;223
348;225;13;13;5320;5491;224
349;226;13;13;5344;5655;221
350;224;13;13;5400;5589;224
351;226;13;13;5270;5602;223
352;225;13;13;5516;5607;224
353;226;12;13;5576;6001;248
354;264;13;13;5836;5689;229
355;240;13;13;5465;5730;227
356;230;13;14;5497;5891;227
357;231;13;14;5525;5816;228
358;231;13;13;5718;5819;237
359;241;13;14;5643;5826;233
360;235;13;13;5697;5992;233
361;236;13;14;5737;5918;235
362;237;13;14;5735;5957;234
363;236;13;13;5778;5955;236
364;238;13;14;5786;6056;243
365;245;14;13;5799;6028;234
366;236;13;14;5952;6067;235
367;238;13;14;6109;7074;288
368;320;15;14;5904;6278;244
369;251;14;14;5911;6202;244
370;250;14;13;5964;6239;233
371;239;13;14;5988;6218;235
372;240;13;15;6130;6306;233
373;239;13;14;5973;6356;232
374;238;13;14;6180;6354;234
375;240;13;14;6114;6363;235
376;241;22;14;6249;6413;244
377;250;14;14;6270;6576;245
378;251;14;14;6213;6451;243
379;249;14;14;6448;6708;251
380;261;13;14;6510;6961;263
381;273;14;14;6412;6617;277
382;283;14;14;6356;6640;245
383;251;14;14;6535;6648;246
384;252;14;14;6423;6684;246
385;252;14;14;6509;6864;267
386;273;14;14;6627;6751;266
387;272;14;14;6529;6932;267
388;273;15;14;6764;6862;277
389;283;14;15;6645;6875;295
390;301;14;14;6547;6939;261
391;266;14;15;7200;6919;267
392;282;14;15;6873;7621;271
393;288;15;15;6804;6968;270
394;275;15;15;6825;7007;267
395;269;15;15;6815;7048;270
396;272;14;15;6803;7154;269
397;271;14;14;6929;7110;266
398;268;14;15;6997;7164;269
399;271;15;15;6934;7182;269
400;271;14;14;6962;7235;269
401;271;15;15;7071;7394;272
402;277;14;15;7834;7933;336
403;391;20;15;7129;7913;305
404;330;15;16;7187;7435;280
405;292;15;16;7137;7480;270
406;280;15;15;7133;7458;266
407;273;15;15;7018;7526;273
408;279;15;16;7380;7570;280
409;289;15;15;7392;7569;277
410;283;16;15;7457;7661;275
411;281;14;15;7589;10178;475
412;534;22;21;10976;7739;325
413;377;16;16;7526;7803;296
414;318;16;15;8284;13383;486
415;540;25;23;11337;13260;440
416;459;25;24;11803;12762;416
417;446;23;22;11474;13532;467
418;530;29;29;10026;8370;330
419;370;16;16;9034;8855;335
420;394;17;15;7782;7963;284
421;287;15;16;7747;8021;284
422;286;15;16;9080;8158;341
423;390;17;16;7906;8155;341
424;383;16;17;9156;8140;309
425;326;16;16;7862;8203;285
426;289;15;16;8165;8217;284
427;286;15;16;8088;8217;284
428;287;16;16;8052;8417;286
429;289;16;16;8821;8331;306
430;325;16;16;8078;8407;290
431;296;16;16;8768;9224;313
432;450;16;16;8110;8523;305
433;320;16;16;8295;8529;298
434;305;16;17;8338;8516;295
435;301;16;16;8358;8760;294
436;300;15;16;8264;8684;292
437;297;16;16;8310;8654;292
438;296;16;16;8428;9189;292
439;309;16;16;8368;8690;298
440;301;16;16;8401;8752;290
441;292;16;16;9403;8758;305
442;312;17;16;8450;8884;290
443;293;16;16;8592;8845;289
444;291;16;16;8673;8867;284
445;286;16;16;8582;9087;291
446;293;16;16;8668;9184;301
447;308;17;17;8714;8999;296
448;298;16;17;8665;9028;292
449;294;16;17;8768;9104;305
450;307;16;16;8994;9312;313
451;320;16;17;8690;9152;306
452;308;17;17;9127;9324;307
453;311;17;17;8939;9255;306
454;307;16;17;8988;9266;310
455;313;16;17;8975;9996;368
456;390;17;17;9115;9389;309
457;312;16;17;9209;9460;308
458;310;16;16;9337;9453;308
459;311;17;17;9454;9521;318
460;328;17;17;9198;9552;312
461;316;17;17;9315;9555;309
462;311;16;17;9499;9624;310
463;313;17;17;9472;10124;336
464;353;18;18;9408;9701;316
465;320;17;17;9281;9915;314
466;316;17;17;9575;9782;313
467;315;17;17;9498;10117;324
468;331;17;17;9748;9925;316
469;320;17;18;9573;9955;312
470;314;17;17;9540;10126;312
471;314;17;17;9688;10196;329
472;339;17;17;9766;10006;316
473;319;17;18;9891;10060;314
474;316;18;17;9871;10158;313
475;315;18;17;9779;10808;343
476;355;18;17;9841;10419;321
477;324;17;17;9973;10218;318
478;320;18;18;9871;10263;318
479;320;17;17;10310;10371;341
480;351;17;18;9956;10352;3409
481;3419;17;18;10065;10413;326
482;330;17;18;9961;10798;329
483;333;17;18;10106;11141;337
484;345;18;18;10291;10526;325
485;327;17;18;10178;10585;328
486;331;18;18;10997;10664;362
487;377;18;18;10349;10701;328
488;331;18;18;10303;10732;326
489;329;18;18;10421;10776;327
490;329;17;18;10435;10806;329
491;332;18;18;10829;10842;339
492;346;18;18;10727;10920;339
493;341;18;18;10413;11252;346
494;357;18;18;10689;11185;333
495;335;18;18;10948;11018;330
496;332;18;18;10865;11042;335
497;339;18;19;10836;11108;331
498;333;18;19;10918;11438;350
499;357;18;18;10910;11233;330
500;332;18;18;10781;11500;356
501;370;19;19;11017;11317;334
502;339;18;18;11024;11329;333
503;337;18;18;11026;11399;335
504;337;18;19;11843;11464;342
505;344;18;18;11213;11798;596
506;610;30;29;11174;11743;349
507;358;18;19;11123;13193;377
508;405;20;19;11299;11828;347
509;352;19;19;11339;11661;346
510;350;18;19;11304;11681;339
511;342;18;19;11341;11947;340
512;342;19;19;11412;12453;502
513;524;27;28;11811;11826;430
514;438;19;19;12530;11925;447
515;470;19;19;11553;11927;416
516;420;19;20;11710;12002;416
517;419;19;19;11652;12041;414
518;416;19;19;11540;12023;415
519;418;19;19;11636;12356;424
520;429;19;19;11781;12788;433
521;447;19;19;11740;12603;426
522;430;18;19;11800;12246;420
523;422;19;19;11909;14924;460
524;489;20;20;12445;12512;453
525;468;20;19;12213;12443;421
526;424;19;19;12839;13277;469
527;730;29;28;18742;21246;688
528;718;30;31;18311;17187;539
529;579;20;20;12731;13105;462
530;488;21;20;12183;12684;421
531;424;19;19;12394;16857;481
532;524;20;20;13872;12996;464
533;492;20;19;12311;12777;428
534;433;19;19;12423;12796;424
535;428;19;19;12617;12908;423
536;427;19;20;12606;12990;428
537;432;20;20;12694;16929;721
538;748;28;29;18533;22259;742
539;785;32;32;13669;13050;456
540;473;19;20;12731;13096;421
541;424;20;20;12681;13155;416
542;418;20;20;12925;13336;426
543;431;20;20;15796;15772;479
544;514;20;21;14476;13393;463
545;487;20;21;13002;13299;432
546;435;20;20;13167;13406;429
547;432;19;20;12924;13404;426
548;428;20;20;13092;13538;434
549;443;27;26;14490;13805;487
550;519;21;20;13291;14076;446
551;462;20;20;13470;13618;435
552;438;20;20;13159;13647;437
553;440;19;20;13473;13724;446
554;450;19;21;15146;13882;463
555;484;20;21;14429;13868;459
556;471;21;20;13663;13859;432
557;436;24;25;14487;13923;431
558;433;20;20;13925;13987;438
559;440;20;20;13557;14126;441
560;447;21;20;13684;14363;441
561;448;21;21;13478;14085;434
562;436;20;20;13738;14203;438
563;440;20;20;13723;14653;434
564;438;20;21;13746;14577;433
565;435;20;21;14157;14310;447
566;454;20;20;14099;15268;462
567;475;21;22;14088;14427;438
568;442;21;21;13975;14514;435
569;437;20;20;13903;15083;443
570;447;20;21;14611;15658;470
571;485;21;21;14548;14608;436
572;438;21;21;14498;15168;579
573;596;21;21;14511;14958;462
574;475;21;22;14383;14828;452
575;456;21;21;14338;15133;467
576;485;21;21;14301;15201;445
577;448;21;21;14620;15533;467
578;476;21;21;14669;14979;453
579;456;21;22;14730;15481;453
580;458;21;21;14581;15299;456
581;461;21;21;15111;15114;468
582;479;21;21;14764;15196;452
583;455;21;22;15520;15402;477
584;490;21;23;14718;15291;453
585;459;22;22;14879;17026;501
586;524;22;21;16004;15377;488
587;508;21;22;15537;15482;458
588;463;21;21;15145;15888;462
589;470;22;22;15153;16709;486
590;502;21;22;15233;15647;462
591;465;21;23;15429;16128;481
592;498;21;22;15441;15734;466
593;471;21;22;15439;17171;710
594;734;22;22;15308;16778;654
595;685;31;31;16662;16070;531
596;564;23;22;17259;16150;528
597;562;25;22;15713;20804;748
598;783;69;33;16845;19322;522
599;561;22;23;16184;16180;1498
600;1522;22;26;16409;16394;476
601;487;22;22;16145;16657;482
602;499;22;22;15928;16298;459
603;464;22;22;18726;17697;521
604;554;22;23;16128;17481;495
605;520;23;23;16607;16501;487
606;505;22;23;16077;16445;464
607;469;22;22;16211;16530;460
608;464;23;22;17111;17571;500
609;524;23;22;16238;16832;473
610;482;22;22;16009;16824;473
611;479;22;22;16153;16732;473
612;477;22;22;16983;16752;528
613;542;23;23;16782;16868;479
614;488;22;22;16327;17303;483
615;494;22;22;16229;17555;483
616;493;23;23;16511;16970;469
617;472;22;23;16577;17866;523
618;550;28;27;19418;25934;540
619;573;23;23;16716;18070;507
620;524;22;23;16660;17230;479
621;483;23;23;16699;17604;472
622;477;22;22;17742;20240;752
623;791;23;24;17845;17488;505
624;531;23;23;16846;17453;481
625;486;22;22;17009;17488;479
626;483;23;23;17654;21190;734
627;765;36;37;18322;20151;539
628;577;24;24;16892;17815;481
629;486;23;23;17234;19170;518
630;541;23;23;17368;17747;478
631;482;23;24;18171;17888;502
632;519;24;24;17979;18008;532
633;572;24;23;18754;18039;543
634;581;24;24;17357;18239;483
635;487;24;23;17855;18893;496
636;505;23;24;18430;19233;531
637;556;23;24;17710;18225;489
638;493;23;23;17817;18365;479
639;483;23;23;17920;19040;511
640;527;24;24;18545;18821;502
641;516;24;24;17509;18432;507
642;509;23;23;17993;18500;504
643;508;23;23;18139;19809;537
644;557;24;24;18000;19666;522
645;539;23;24;18226;18829;504
646;508;24;24;18536;19989;535
647;557;23;24;18119;18805;510
648;515;24;24;18325;19441;521
649;530;23;23;18301;18942;509
650;514;23;24;19564;18985;545
651;562;24;24;18693;19092;515
652;522;24;23;18369;19505;572
653;586;24;25;19557;19060;536
654;550;24;24;18928;19147;511
655;517;24;24;18517;22374;566
656;599;25;25;22423;19807;564
657;598;25;24;19517;21213;573
658;613;35;37;20923;20753;563
659;601;24;24;19286;21024;547
660;569;25;25;18962;19880;534
661;546;24;25;21552;21639;588
662;625;25;24;19253;20269;546
663;570;24;25;18857;19746;513
664;516;24;25;19243;21101;538
665;556;24;25;19980;21102;552
666;573;25;24;19691;19830;514
667;518;24;24;19283;19917;511
668;514;24;24;19268;20315;530
669;542;24;25;19470;20450;526
670;535;24;24;20682;20244;565
671;575;25;25;19800;20284;518
672;524;24;25;21482;20381;545
673;563;25;25;19989;22506;548
674;565;25;25;20039;20783;519
675;524;24;25;21348;20395;554
676;580;25;25;25426;22760;604
677;635;25;25;21015;25063;849
678;892;41;43;22123;20988;565
679;594;26;26;20587;29433;829
680;867;38;37;27653;30654;839
681;877;40;40;46312;35067;828
682;871;35;36;25811;23988;583
683;618;26;25;21451;21098;595
684;634;25;25;20303;22574;556
685;575;25;26;21384;21043;544
686;560;25;25;20578;21410;524
687;528;24;25;21642;22078;561
688;587;25;25;20510;22140;561
689;586;26;26;31065;33606;595
690;637;27;25;27440;21444;589
691;620;28;27;21825;26481;609
692;643;28;26;22349;22683;586
693;618;26;27;21122;26424;584
694;614;28;26;22163;23133;589
695;624;26;26;22249;21766;545
696;556;25;25;21013;21786;536
697;539;25;25;22035;22120;1782
698;1817;26;26;21341;22082;556
699;572;25;25;21160;22251;533
700;536;25;25;21183;21914;535
701;537;25;26;22196;21944;556
702;573;26;25;22349;22304;553
703;576;27;26;21548;22274;528
704;532;25;25;21598;23317;558
705;572;26;26;21721;23704;578
706;598;26;27;21802;22340;558
707;565;26;26;24378;22525;613
708;646;27;27;23215;24998;607
709;651;26;26;22639;31870;597
710;633;26;26;22376;22835;544
711;552;26;26;22209;26956;878
712;916;34;34;25472;22762;604
713;643;27;26;22444;22954;555
714;561;25;26;22943;22978;554
715;560;26;26;23666;36388;631
716;668;27;26;58083;27468;611
717;654;27;27;22440;47878;613
718;651;27;27;22732;23045;557
719;564;25;26;38142;24808;622
720;662;27;26;22816;24459;604
721;634;26;27;22747;23230;554
722;559;26;26;23036;23372;552
723;557;26;27;22592;37920;618
724;656;27;27;27489;23997;595
725;626;26;27;23039;35745;627
726;670;27;27;27683;42554;626
727;662;28;27;23110;23701;551
728;556;26;26;22963;23738;554
729;556;26;26;22971;48825;863
730;901;38;40;42791;23895;612
731;648;27;27;23425;43959;942
732;974;44;42;59504;24131;607
733;640;29;27;23911;26972;612
734;643;27;27;30178;24985;696
735;737;27;27;25237;26070;619
736;652;27;28;24159;24305;556
737;561;26;27;36827;26604;635
738;684;28;27;23648;24440;575
739;581;27;27;23522;24425;569
740;573;27;27;24289;25574;632
741;668;28;27;23794;24478;574
742;583;27;28;23775;24586;573
743;579;27;27;24431;24767;1237
744;1258;37;40;24892;24728;583
745;593;27;27;24427;25330;577
746;581;27;27;24571;24941;587
747;597;26;27;24928;24896;586
748;598;28;28;24161;24938;577
749;583;27;27;24638;25209;583
750;592;27;28;24492;25706;587
751;598;27;28;24882;25145;573
752;575;27;28;24548;25640;596
753;605;27;27;24766;25944;585
754;595;27;27;25043;25888;577
755;582;27;27;24758;25663;584
756;592;28;27;24891;25524;574
757;576;27;28;26311;25779;597
758;613;28;27;25888;40473;1098
759;1136;39;38;34288;33870;635
760;663;28;28;24848;25863;588
761;596;28;28;25165;26091;585
762;593;28;28;26613;27760;809
763;838;28;27;26034;26936;616
764;639;31;28;25174;37942;611
765;640;28;29;25681;39302;930
766;965;44;44;38358;45232;895
767;922;48;47;40186;31397;617
768;639;30;29;25607;27800;610
769;635;29;28;26374;26608;646
770;663;28;28;25868;26990;632
771;642;28;28;25974;26703;631
772;638;27;28;26854;26746;652
773;671;28;28;26378;27591;650
774;670;28;28;27761;32492;685
775;715;28;28;41987;38585;755
776;790;31;28;27904;36149;691
777;730;29;29;27218;27000;664
778;692;29;28;26267;27069;643
779;660;28;29;26986;27603;668
780;698;29;29;26744;29356;665
781;690;28;29;27410;27306;1514
782;1543;40;41;27285;27462;640
783;649;29;29;26792;27924;1685
784;1699;29;29;26933;29540;691
785;714;29;29;26661;27425;631
786;635;30;29;28193;29008;686
787;723;29;29;27042;28202;639
788;650;29;29;26927;27711;626
789;631;29;29;29189;28233;663
790;679;28;29;27459;28305;646
791;655;29;29;28041;27885;625
792;628;28;29;28253;28034;651
793;662;29;30;27519;28467;636
794;646;39;41;28532;33897;678
795;708;30;30;27743;28307;635
796;643;29;29;29867;30627;690
797;714;29;30;27897;28327;640
798;648;29;29;27641;28461;630
799;633;28;29;28849;28542;639
800;647;29;29;29772;28660;667
801;689;29;29;28747;38412;1042
802;1079;39;39;34021;29487;700
803;746;40;39;31636;29428;695
804;715;30;30;28237;43547;1060
805;1095;51;50;31856;28951;682
806;707;29;29;28241;28969;639
807;644;29;30;29362;29316;666
808;683;29;30;29315;29770;654
809;661;29;29;28562;29397;645
810;652;29;30;30231;29344;667
811;682;30;29;28758;29395;642
812;645;29;30;29430;32107;687
813;710;30;29;29571;29533;678
814;701;29;30;28871;29771;648
815;654;29;29;28975;30060;653
816;665;29;30;29078;29673;639
817;641;28;36;30795;29764;858
818;864;29;29;37352;54100;1080
819;1112;49;51;46807;51352;700
820;727;30;31;31104;39428;718
821;757;30;30;30106;30174;672
822;696;31;30;31779;33017;729
823;775;31;30;30161;30157;650
824;657;30;30;29680;30560;653
825;659;30;30;30373;30421;679
826;698;29;30;30023;30377;644
827;647;29;30;32574;31222;768
828;788;30;31;30295;30906;666
829;681;30;30;30534;31122;678
830;696;39;43;30632;31022;693
831;714;31;31;30506;30870;666
832;680;29;30;33108;62817;1680
833;1722;48;51;51047;68722;1083
834;1127;46;46;56031;39858;824
835;868;34;30;37153;38060;725
836;761;31;31;32676;31286;706
837;736;30;30;30807;33012;712
838;743;31;30;31583;32600;705
839;731;31;31;30808;32054;670
840;679;30;31;31727;32091;692
841;714;31;31;31155;31626;695
842;717;30;31;31066;35521;685
843;701;31;31;31619;31894;677
844;694;30;30;31130;31904;667
845;671;30;31;32640;31838;700
846;721;31;30;31292;32483;677
847;686;31;31;31482;37706;686
848;702;30;31;31283;32357;679
849;693;31;31;31642;34026;723
850;749;30;31;31672;32254;689
851;700;31;32;31810;32381;697
852;717;31;31;32106;32966;689
853;703;31;31;31754;33665;704
854;723;31;31;31813;32947;696
855;714;31;32;36392;33547;988
856;1021;48;49;35285;33070;739
857;775;31;31;35325;32903;723
858;763;32;31;32190;34799;1907
859;1935;32;31;33440;33004;714
860;741;31;31;33194;32972;671
861;675;31;32;33144;33757;727
862;761;31;32;32433;33225;682
863;687;31;32;32287;34099;717
864;733;31;31;33319;33769;692
865;705;31;31;33628;33344;697
866;708;31;31;33329;33631;716
867;738;32;32;33379;33570;682
868;688;30;31;32751;36108;743
869;764;32;31;33899;33676;685
870;689;31;31;33764;37208;988
871;1023;42;45;36713;33893;738
872;765;31;32;33261;34588;688
873;694;31;32;34007;33953;712
874;731;32;32;36051;35190;751
875;787;33;31;37672;39138;755
876;795;32;32;33431;34114;688
877;693;31;32;32937;37695;1026
878;1056;45;43;34830;35162;732
879;773;32;33;34176;35024;711
880;726;31;32;35022;34625;737
881;765;32;33;33876;34606;688
882;692;32;32;37534;39389;758
883;792;33;36;38637;35388;748
884;789;33;33;34984;35808;809
885;844;129;33;35176;35384;739
886;771;33;33;39613;54156;806
887;858;33;35;35696;35254;741
888;763;32;39;34574;37179;752
889;790;31;33;36171;35412;728
890;759;32;33;34816;48488;1166
891;1202;54;56;51782;39368;757
892;792;34;33;35261;35609;721
893;734;32;33;39213;39150;751
894;784;33;33;34602;36045;718
895;737;32;33;36716;38954;745
896;778;33;32;35444;37453;726
897;747;33;33;35343;37168;764
898;779;33;33;35467;36497;733
899;743;32;33;35201;37002;738
900;749;32;40;36900;36056;735
901;739;32;32;35572;36978;740
902;753;33;33;35918;36292;758
903;772;33;33;36715;36446;735
904;748;33;33;36578;36973;754
905;775;33;33;36460;36753;759
906;775;32;33;36033;37024;742
907;755;32;33;37488;36775;769
908;786;33;33;36965;37214;751
909;765;33;33;36709;39571;838
910;870;33;34;38110;38907;729
911;742;33;33;38187;38469;766
912;789;33;33;36268;37150;727
913;732;33;33;37717;37609;743
914;757;33;33;36353;37497;770
915;777;45;33;38597;40088;779
916;809;34;34;37098;37551;756
917;764;33;34;36401;50795;784
918;819;34;34;37291;37514;730
919;739;33;34;37552;39911;764
920;789;34;33;37025;37812;727
921;730;33;34;36807;38272;759
922;774;34;34;37413;40451;800
923;832;34;34;38555;50233;1151
924;1186;34;34;46665;38790;790
925;826;34;34;37758;41694;827
926;892;34;34;38741;38666;781
927;809;33;33;37381;43598;2098
928;2132;34;35;38123;38417;752
929;772;33;34;38501;39311;790
930;810;34;34;37409;39574;801
931;829;33;34;38557;38592;789
932;828;33;34;38188;39428;757
933;766;33;33;38071;38789;755
934;766;34;34;40419;41041;810
935;842;34;34;44385;50757;1010
936;1049;46;47;40333;39865;799
937;830;35;34;39038;39699;783
938;814;33;34;39509;39908;786
939;826;36;34;39531;45781;1040
940;1071;46;47;47038;40354;1208
941;1247;50;40;40814;40112;772
942;796;35;34;40226;40924;791
943;816;34;35;38940;39721;753
944;763;34;34;39855;42787;794
945;825;35;35;39211;39810;750
946;758;35;34;39822;40863;791
947;805;35;35;39967;41064;805
948;836;36;35;40144;43039;822
949;854;34;34;42103;42388;1245
950;1281;59;61;48411;41007;816
951;855;35;34;39415;41466;1088
952;1109;52;53;42307;40403;802
953;828;35;35;39959;41269;778
954;792;34;35;40345;40609;780
955;799;35;35;40130;41079;956
956;969;34;35;42547;40932;832
957;874;36;35;39996;42307;788
958;805;34;34;44260;41698;810
959;848;35;35;40305;43154;808
960;833;35;36;41644;41072;803
961;834;36;35;40945;43562;820
962;848;38;35;41056;41837;834
963;871;35;35;40313;42407;858
964;890;35;36;41268;41443;783
965;789;34;35;41860;46884;826
966;858;35;35;42364;41576;791
967;807;35;35;41301;43610;818
968;836;35;35;40319;41879;766
969;772;35;36;42645;44416;827
970;857;35;36;44553;57940;828
971;859;35;36;63233;45490;829
972;863;36;36;41129;42843;781
973;795;35;36;45671;42245;822
974;856;35;36;42088;43238;800
975;818;35;35;41607;42664;787
976;796;35;35;42663;43224;909
977;939;37;35;42490;42480;792
978;803;35;35;43639;43076;821
979;846;36;36;42018;43461;797
980;812;63;36;42014;44313;822
981;841;35;37;42416;44274;853
982;877;36;36;43383;44212;807
983;831;36;36;43160;45544;828
984;857;36;35;42894;51317;846
985;890;36;36;44593;43634;832
986;866;36;36;44555;45025;834
987;2384;53;51;42743;43974;824
988;847;35;36;44431;43912;815
989;837;35;36;43086;44336;804
990;818;36;36;47097;45456;847
991;882;39;36;45915;51082;2739
992;2788;304;51;47389;43913;844
993;881;37;36;44263;45622;834
994;867;36;36;44694;44195;809
995;833;36;36;45407;44202;838
996;872;36;37;44085;44142;794
997;803;36;36;43767;44498;814
998;829;36;36;43573;48758;839
999;865;38;37;43465;48126;850
1000;883;38;37;50011;55106;857
1001;894;37;37;44698;44622;823
1002;846;36;36;49618;46541;860
1003;893;35;36;43844;45171;808
1004;817;36;36;45613;45059;820
1005;836;36;37;44277;46261;812
1006;825;59;37;50013;47107;862
1007;893;37;37;47800;48114;925
1008;959;38;37;44915;45636;812
1009;824;36;36;44924;49754;845
1010;878;38;37;44603;46119;824
1011;840;36;36;46561;59568;876
1012;907;38;37;45372;50863;880
1013;906;36;37;47443;46351;861
1014;898;37;37;45137;48000;906
1015;963;68;51;45814;45992;825
1016;843;36;37;51118;46487;846
1017;877;37;37;45834;47725;856
1018;874;37;37;55878;67725;871
1019;900;38;38;72699;79500;1311
1020;1355;59;59;68582;52058;869
1021;906;38;37;45575;46471;833
1022;839;36;37;51656;47236;875
1023;911;38;38;46575;50168;856
1024;886;37;37;47463;47322;831
1025;844;36;36;47921;47803;997
1026;1019;38;37;46011;47880;1011
1027;1045;37;37;47028;47083;999
1028;1020;37;38;46412;47463;971
1029;984;37;38;47525;47240;987
1030;1013;37;37;47079;48066;982
1031;996;37;37;46162;47487;966
1032;972;37;38;48333;50115;1004
1033;1034;37;38;47869;47832;984
1034;999;37;38;47371;47726;977
1035;996;38;38;47592;47859;1019
1036;1047;37;40;54607;51998;1180
1037;1217;38;38;50772;53140;1093
1038;1143;38;38;48710;48603;993
1039;1014;37;39;49158;48082;979
1040;994;37;38;47688;49310;979
1041;998;37;37;48457;48426;991
1042;1007;37;38;47744;48597;972
1043;982;37;38;48454;48427;984
1044;1001;38;54;48828;48657;977
1045;994;38;38;48481;50019;1002
1046;1026;38;38;48133;50894;1016
1047;1050;39;38;50560;61872;1928
1048;1961;40;39;60837;64495;1069
1049;1103;38;39;49139;65533;1034
1050;1071;39;39;50478;49375;1019
1051;1048;38;38;48500;51914;988
1052;1006;38;38;49279;49219;976
1053;992;37;38;48690;50253;1039
1054;1069;56;49;49681;49633;1016
1055;1028;38;38;51376;50437;1020
1056;1059;39;38;49198;49996;970
1057;976;37;38;67098;52317;1041
1058;1071;39;40;63007;52567;1035
1059;1076;39;41;49370;55664;1096
1060;1137;39;38;51453;50163;1016
1061;1045;39;38;53372;52918;1077
1062;1112;38;39;50232;51570;1940
1063;1957;39;39;53759;50557;1052
1064;1094;40;38;50126;56836;1022
1065;1057;39;39;49876;50558;1104
1066;1116;50;49;51288;50610;996
1067;1008;38;39;52024;62495;1040
1068;1077;39;39;50245;51182;1102
1069;1113;38;39;51304;51951;1683
1070;1710;39;38;51205;53052;1029
1071;1065;39;39;50452;50983;979
1072;986;39;38;52754;53229;1022
1073;1057;39;39;51208;58066;1538
1074;1577;61;59;76057;71433;1019
1075;1049;39;39;51325;52406;988
1076;999;39;39;53238;54083;1018
1077;1047;38;39;52066;51773;1003
1078;1020;38;39;54490;67511;1573
1079;1609;60;61;73752;55969;1068
1080;1103;39;40;77813;55448;1038
1081;1072;45;39;51726;52229;1031
1082;1065;39;39;65560;89870;1532
1083;1572;60;60;76236;70180;1041
1084;1072;39;40;57265;57184;1071
1085;1106;39;40;54216;57546;1212
1086;1244;39;39;51687;52772;1025
1087;1039;39;38;55212;90290;1671
1088;1711;63;59;56875;58941;1036
1089;1071;40;40;51520;55172;1086
1090;1107;40;39;52868;53006;1017
1091;1027;39;40;53395;53559;1017
1092;1030;39;40;52225;53521;1055
1093;1074;61;65;62632;62497;1058
1094;1096;39;40;61509;57019;1058
1095;1094;41;40;55529;56157;1497
1096;1529;58;59;80936;55100;1053
1097;1090;40;41;62065;53664;1109
1098;1142;40;39;52898;59048;1050
1099;1085;40;40;54304;53788;1009
1100;1022;39;40;54060;56436;1059
1101;1091;41;40;54342;55652;1041
1102;1068;40;40;54618;55061;1110
1103;1128;67;68;56035;54477;1038
1104;1054;40;40;55053;68116;1063
1105;1104;40;40;56003;55695;1120
1106;1153;40;41;55450;54586;1053
1107;1088;40;39;61462;72407;1064
1108;1101;41;41;59060;57922;1053
1109;1089;39;40;56365;54723;1019
1110;1037;39;40;57290;55311;1049
1111;1096;40;40;55117;56491;1052
1112;1083;40;40;56020;54952;1002
1113;1010;40;40;60518;57435;1046
1114;1073;40;41;54737;58513;1067
1115;1099;42;40;54937;63170;1188
1116;1224;41;41;57772;55858;1062
1117;1106;40;41;56541;57329;1065
1118;1101;41;41;55646;80776;1623
1119;1662;68;69;83098;60135;1155
1120;1191;42;41;55191;55960;1005
1121;1011;40;40;60159;56200;1175
1122;1211;41;41;58043;57805;1063
1123;1093;41;41;55961;57816;1034
1124;1050;41;52;55871;56279;1030
1125;1045;40;41;56491;76445;1077
1126;1115;41;41;56854;65466;1531
1127;1575;59;62;57464;61163;1067
1128;1100;42;42;58133;57382;1063
1129;1097;41;41;58342;58472;1076
1130;1107;42;41;71985;100204;1603
1131;1637;62;64;61296;57137;1057
1132;1084;41;41;57098;58372;1068
1133;1097;41;42;61157;70065;1615
1134;1655;63;69;72155;58522;1075
1135;1115;42;41;58372;58362;1649
1136;1679;42;41;57124;58670;1054
1137;1074;41;41;59009;57931;1047
1138;1066;41;41;58286;58795;1044
1139;1059;41;40;58347;58876;1057
1140;1071;41;42;58696;57919;1040
1141;1057;41;41;59680;58132;1048
1142;1071;41;41;58299;58860;1056
1143;1075;41;41;61641;63468;1083
1144;1121;41;41;59444;58604;1055
1145;1084;42;41;59491;59800;1065
1146;1100;68;42;60169;64719;2222
1147;2353;42;41;82233;61508;1080
1148;1112;42;42;81343;58673;1078
1149;1118;42;42;62696;61775;1151
1150;1188;42;46;59958;60018;1076
1151;1114;42;41;66137;59835;1077
1152;1113;42;41;60010;59076;1063
1153;1080;41;42;60069;59640;1082
1154;1109;42;42;61247;60861;1087
1155;1116;42;42;59054;61566;1086
1156;1112;42;43;59829;68483;1645
1157;1680;66;68;62650;59985;1096
1158;1130;42;42;75628;70026;1750
1159;1783;72;72;65076;65982;1304
1160;1356;42;42;63122;59922;1104
1161;1137;43;42;61222;61860;1103
1162;1148;42;42;60876;61844;1093
1163;1128;42;43;60859;61158;1089
1164;1104;42;42;75637;88719;1103
1165;1136;42;43;66408;60581;1111
1166;1148;42;42;65780;60438;1101
1167;1137;45;43;62815;61068;1099
1168;1123;42;42;62271;64610;1105
1169;1140;42;42;63319;64005;1111
1170;1145;42;42;63960;61460;1102
1171;1133;43;43;65476;61596;1109
1172;1150;43;43;61585;63663;1081
1173;1107;42;43;61323;62426;1073
1174;1094;42;42;61456;64566;1104
1175;1138;43;42;64090;62341;1098
1176;1136;43;43;63751;78874;1120
1177;1160;43;43;73928;63959;1106
1178;1136;43;43;61781;68164;1534
1179;1569;43;43;63968;62530;1113
1180;1153;43;44;62202;62610;1106
1181;1143;43;43;62004;63064;1065
1182;1077;42;43;61861;62930;1081
1183;1098;43;43;63858;63230;1119
1184;1150;43;43;63677;63415;1099
1185;1128;43;43;75448;103483;1123
1186;1157;43;42;74926;63142;1126
1187;1168;44;43;64333;67696;1122
1188;1150;43;43;64286;65514;1856
1189;1903;67;68;64269;63472;1112
1190;1145;43;43;65211;63303;1126
1191;1166;43;43;69173;79205;1593
1192;1627;61;60;84764;68265;1174
1193;1213;43;43;63118;64652;2180
1194;2213;43;44;64391;67536;1124
1195;1157;43;43;63312;64090;1089
1196;1108;43;44;64403;64625;1908
1197;1926;43;43;69106;75298;1163
1198;1194;43;44;65202;64050;1116
1199;1137;43;43;65572;66509;1136
1200;1173;44;43;64477;64966;1085
1201;1100;43;43;67393;79231;1125
1202;1160;44;44;67846;65531;1128
1203;1168;43;43;67989;80735;1740
1204;1787;71;69;68399;94265;1696
1205;1735;65;64;89735;76903;1137
1206;1172;47;44;65363;89158;1150
1207;1182;44;45;65060;73886;1140
1208;1171;44;45;64811;84583;1674
1209;1714;71;73;91381;68555;1140
1210;1171;44;44;65162;65900;1121
1211;1144;43;44;89834;97660;1122
1212;1151;43;44;64585;65519;1092
1213;1106;44;44;92493;69710;1126
1214;1159;45;44;70711;113654;1480
1215;1526;60;59;89324;79138;1213
1216;1248;45;45;77188;72034;1576
1217;1609;67;66;70490;69632;1500
1218;1534;57;58;72645;66201;1122
1219;1146;45;44;69586;69957;1254
1220;1284;45;45;78128;124782;1752
1221;1787;73;74;79871;71153;1738
1222;1776;65;71;93207;93144;1158
1223;1194;45;45;75839;66975;1145
1224;1178;45;44;70905;67396;1142
1225;1176;45;44;66935;67543;1154
1226;1179;44;44;73439;68278;1139
1227;1169;45;45;86725;88119;1181
1228;1212;44;44;70377;83248;1142
1229;1175;44;45;67869;74124;1165
1230;1248;44;94;87812;74037;1148
1231;1178;46;45;69755;68119;1126
1232;1143;44;45;70432;83938;1598
1233;1635;60;65;80601;94426;1702
1234;1741;72;74;83236;75878;1153
1235;1186;44;45;70994;68030;1145
1236;1179;47;44;75375;69308;1130
1237;1160;44;45;70287;68137;1144
1238;1175;44;44;68180;92588;1151
1239;1185;45;45;68595;82016;2104
1240;2132;46;45;68274;75100;1293
1241;1343;46;44;69143;70541;1141
1242;1170;45;45;69057;69174;1154
1243;1185;45;46;71654;72180;1148
1244;1185;45;45;69132;69349;1131
1245;1157;54;55;75752;69089;1173
1246;1209;45;45;93658;90649;1159
1247;1195;46;45;73441;104647;1150
1248;1191;45;46;79885;114196;1798
1249;1842;64;69;102369;120210;1683
1250;1721;77;74;120959;123158;1721
1251;1761;69;76;85773;73187;1171
1252;1204;45;46;71356;76173;1174
1253;1204;46;46;72207;75477;1208
1254;1245;45;46;69693;94656;1167
1255;1210;45;46;70616;74503;1165
1256;1196;45;45;71431;76355;1166
1257;1201;45;45;69804;76261;1165
1258;1196;46;47;70677;71770;1420
1259;1467;62;57;69848;86183;1836
1260;1872;67;66;87188;93521;1833
1261;1874;62;70;103352;73774;1174
1262;1210;70;52;70982;79795;1844
1263;1880;70;78;74268;71097;1173
1264;1221;46;46;77985;72125;1167
1265;1197;49;46;83728;74100;1176
1266;1212;46;46;107244;73516;1180
1267;1216;47;46;87310;80697;1186
1268;1225;46;46;91853;115264;1326
1269;1360;46;47;103005;104973;1173
1270;1213;46;46;75082;98528;1178
1271;1215;45;46;71715;83709;1178
1272;1218;46;46;72897;80506;1170
1273;1209;46;47;76179;109183;1178
1274;1216;46;47;73504;79287;1179
1275;1211;46;46;71825;85023;1182
1276;1216;45;46;72935;75098;1177
1277;1212;46;47;76724;97519;1203
1278;1242;46;47;75882;75403;1177
1279;1209;46;46;74226;90019;1803
1280;1848;72;74;88495;91605;1180
1281;1221;47;48;72998;74565;1193
1282;1211;46;47;75756;102272;1757
1283;1801;71;73;80945;76280;2142
1284;2168;47;47;73964;75348;1258
1285;1290;89;47;75335;75208;1235
1286;1270;46;47;76481;74553;1354
1287;1386;47;47;76070;94806;1853
1288;1891;73;73;79831;119488;1223
1289;1261;46;47;92789;96518;1233
1290;1269;47;47;74798;108543;1224
1291;1255;47;57;76595;76350;1227
1292;1261;46;47;74153;74793;1491
1293;1524;72;74;107801;75157;1250
1294;1280;47;47;74597;86657;1811
1295;1849;70;73;93312;100523;1835
1296;1867;73;75;96939;74677;1227
1297;1263;46;47;76466;94213;1223
1298;1255;47;47;78248;83652;1233
1299;1272;48;48;85535;78665;1239
1300;1273;47;47;100864;83467;1217
1301;1249;47;47;95871;103620;1795
1302;1831;66;73;83132;92010;1225
1303;1255;47;47;75206;93645;1229
1304;1264;47;47;77311;85465;1318
1305;1350;46;47;85887;96002;1251
1306;1288;72;48;78242;83418;1261
1307;1301;50;49;76985;90187;1824
1308;1859;72;70;77661;79140;1227
1309;1260;47;47;77392;76684;1220
1310;1252;49;47;79860;76797;1225
1311;1253;47;47;78682;78608;2054
1312;2089;47;48;77896;79354;1882
1313;1921;65;63;81402;78221;1245
1314;1280;48;47;80687;77570;1256
1315;1297;48;48;79386;78026;1237
1316;1277;48;49;89908;77215;1238
1317;1275;49;48;81733;79610;1238
1318;1268;48;48;82721;79065;1276
1319;1321;47;47;79672;80008;1274
1320;1311;48;48;78652;87191;1242
1321;1274;51;48;79644;89569;1246
1322;1287;49;49;78428;77911;1222
1323;1256;47;47;78011;77978;1202
1324;1218;47;47;79076;78495;1207
1325;1226;48;48;78896;78739;2161
1326;2181;48;48;79957;84369;1851
1327;1889;77;79;120054;82907;1248
1328;1291;49;47;95018;78637;1242
1329;1278;49;49;85237;79133;1237
1330;1274;48;49;89610;92529;1233
1331;1261;48;49;81542;81944;1991
1332;2028;78;84;97399;85093;1257
1333;1299;47;48;81608;86306;1257
1334;1301;49;48;86630;80534;1236
1335;1264;49;48;79673;81729;1233
1336;1255;47;49;94859;86975;1244
1337;1279;47;48;80206;97399;1242
1338;1274;49;49;80030;97400;1249
1339;1296;49;48;81794;82708;1232
1340;1261;48;48;83088;117185;1257
1341;1299;48;49;102202;113071;1252
1342;1292;48;48;81639;79973;1224
1343;1249;48;49;81888;81324;1255
1344;1284;48;48;83786;80339;1224
1345;1240;48;49;81960;82601;1250
1346;1416;50;49;93511;81610;1256
1347;1292;48;50;84422;81310;1264
1348;1301;50;49;89022;89114;1421
1349;1454;49;49;86852;84925;1304
1350;1344;50;50;84891;83271;1259
1351;1290;48;48;82122;82416;1231
1352;1250;49;49;81714;85332;1366
1353;1394;491;49;82649;85083;1266
1354;1298;50;49;83343;87244;1264
1355;1293;49;49;81245;84525;1250
1356;1287;50;50;82982;86639;1259
1357;1290;49;50;82700;84612;1362
1358;1394;49;49;99196;82994;1271
1359;1309;49;50;83012;86811;1267
1360;1297;52;49;85785;84115;1267
1361;1294;49;49;85635;93655;1960
1362;2001;84;84;84755;88906;1262
1363;1300;49;49;84151;83034;1237
1364;1258;49;49;83447;83000;1237
1365;1256;49;49;84613;83060;1238
1366;1251;50;50;83995;82980;2247
1367;2274;49;49;85124;83146;1246
1368;1265;49;49;83947;83316;1237
1369;1250;50;50;83826;84047;1239
1370;1261;49;50;84098;83217;1222
1371;1235;49;49;84335;83711;1232
1372;1246;49;50;86908;84115;1263
1373;1294;50;50;84622;84191;1250
1374;1274;48;49;84356;86020;1235
1375;1255;49;49;85539;84750;1266
1376;1300;52;50;87454;84924;1272
1377;1308;49;49;97432;89028;1581
1378;1615;49;50;102542;111354;1285
1379;1316;50;50;84853;130208;1911
1380;1952;50;50;93671;92344;1280
1381;1319;50;50;91187;95488;1292
1382;1329;50;50;105172;91340;1954
1383;2029;68;70;103356;120175;1289
1384;1324;50;50;86195;108656;1284
1385;1322;50;50;93010;86710;1291
1386;1322;50;51;98609;111119;1295
1387;1329;49;50;92170;92150;1898
1388;1935;49;50;87075;97471;1363
1389;1402;51;51;86260;108438;1287
1390;1321;50;53;91230;116300;2045
1391;2080;82;72;91047;90211;1296
1392;1327;50;50;94875;86283;1303
1393;1339;51;50;89586;86433;1287
1394;1323;50;50;91006;90679;1290
1395;1318;50;51;87763;87182;1284
1396;1316;61;50;88588;101063;1285
1397;1314;50;50;90563;87805;1289
1398;1321;51;50;89771;107419;1301
1399;1334;50;51;92989;89639;1290
1400;1333;50;51;92305;87871;1298
1401;1341;50;50;89416;101003;1298
1402;1336;51;51;98930;111678;1293
1403;1328;50;51;93065;91391;1286
1404;1318;50;51;89510;95142;1582
1405;1619;51;51;90157;89240;1321
1406;1361;50;51;93629;101404;2225
1407;2258;53;51;92905;89536;1291
1408;1322;50;51;94108;110707;1297
1409;1333;51;51;90965;89661;1316
1410;1352;50;51;92153;90715;1332
1411;1368;50;51;102041;90555;1315
1412;1350;51;51;91197;93943;1310
1413;1344;50;51;91629;90754;1294
1414;1318;50;51;91431;88949;1298
1415;1320;50;51;90044;89711;1298
1416;1321;50;51;90021;90961;1321
1417;1352;51;51;97431;90295;1391
1418;1425;51;52;91559;91353;1348
1419;1390;53;52;90501;90768;1319
1420;1344;51;51;91399;91626;1322
1421;1358;52;51;98423;93417;1320
1422;1356;52;52;100686;92537;1331
1423;1373;50;51;97191;89909;1325
1424;1365;51;51;94303;91128;1318
1425;1357;51;51;93195;94577;1517
1426;1558;51;51;91322;92349;1319
1427;1353;51;52;92273;92342;1304
1428;1335;52;51;93655;94995;1323
1429;1360;51;51;107008;99204;1323
1430;1362;52;51;97468;91847;1361
1431;1395;51;52;112768;95975;1350
1432;1391;53;53;94241;93107;1326
1433;1364;51;52;94740;94471;1324
1434;1360;52;52;97460;114716;1373
1435;1409;53;51;109044;91366;1324
1436;1362;52;52;99324;116036;2073
1437;2109;87;88;116021;95763;1347
1438;1380;53;53;107551;149187;1324
1439;1360;51;52;109261;94116;1348
1440;1385;52;52;97923;93488;1337
1441;1373;52;51;95322;92290;1308
1442;1324;51;52;97724;92209;1300
1443;1312;51;52;102528;92738;1341
1444;1384;52;52;98071;94514;2571
1445;2608;52;52;93838;93784;1333
1446;1350;51;52;100482;93045;1321
1447;1342;51;52;95601;99506;2045
1448;2082;266;78;148693;104643;1942
1449;1987;83;74;95712;101175;1346
1450;1381;53;53;107112;96044;1338
1451;1373;53;53;98933;104695;1371
1452;1408;52;53;99623;96066;1352
1453;1383;53;52;95637;95011;1323
1454;1346;55;53;96427;97413;1349
1455;1374;52;53;99599;98714;1346
1456;1382;52;52;110564;129993;3013
1457;3046;85;85;105476;101486;1397
1458;1439;52;53;96499;97372;1333
1459;1361;53;53;97639;97294;1346
1460;1380;53;53;97789;96141;1353
1461;1389;53;52;100139;95124;1360
1462;1388;53;52;96585;100239;1673
1463;1707;52;69;121900;116959;1360
1464;1401;53;53;99508;95652;1376
1465;1421;52;52;98923;133009;1914
1466;1954;80;80;101792;97604;1453
1467;1490;53;54;125764;98974;1353
1468;1386;53;53;109886;98272;1375
1469;1408;53;53;97145;100143;1346
1470;1382;53;53;98598;97383;1343
1471;1376;54;53;100485;98291;1352
1472;1385;53;67;98852;100026;1357
1473;1394;54;52;100647;98857;1357
1474;1389;53;53;99433;101345;1362
1475;1394;53;53;103621;99042;1397
1476;1426;53;54;99889;134407;1370
1477;1402;52;53;122740;125685;1673
1478;1706;72;77;122797;97380;1368
1479;1401;56;53;100698;97483;1360
1480;1396;53;53;116008;175137;1388
1481;1424;53;54;106664;107353;1373
1482;1402;53;53;105527;114426;2579
1483;2613;53;53;126811;119779;1372
1484;1412;53;53;100780;103277;1382
1485;1418;54;53;100165;101204;1376
1486;1413;53;53;110386;100786;1372
1487;1409;54;54;106818;128067;1377
1488;1412;78;76;101683;116748;1372
1489;1403;54;54;101218;113141;1371
1490;1409;54;54;105402;100221;1369
1491;1403;53;53;101498;102004;1669
1492;1703;53;54;104400;126095;1428
1493;1466;54;54;103999;109362;2013
1494;2049;78;80;124112;100467;1375
1495;1407;53;53;105110;101330;1423
1496;1459;54;53;104776;102380;1380
1497;1420;54;54;102880;100134;1372
1498;1403;54;54;102603;100789;1491
1499;2130;87;81;107787;101448;1376
1500;1405;54;55;103459;100045;1635
1501;1671;55;55;108351;103393;1378
1502;1411;54;54;105646;104313;1384
1503;1423;54;54;107424;106159;1396
1504;1427;54;54;107226;105815;1382
1505;1418;56;54;124044;121111;1390
1506;1427;54;55;109532;102130;1396
1507;1430;54;55;111115;141555;1409
1508;1447;54;55;106142;104702;1393
1509;1431;55;54;105331;102425;1389
1510;1420;54;55;116912;106381;1397
1511;1433;53;54;125266;107507;1399
1512;1440;53;54;105872;105778;1391
1513;1430;54;54;113237;102879;1520
1514;1557;54;54;104852;103495;1368
1515;1395;54;55;103287;103047;1395
1516;1431;55;55;108906;116343;1471
1517;1508;54;55;136605;162393;1403
1518;1444;55;55;132846;120677;1397
1519;1431;54;55;104091;107263;2487
1520;2518;55;55;106539;107360;1395
1521;1426;55;55;105001;106017;1397
1522;1431;54;55;109651;107081;1418
1523;1456;55;55;106901;316639;2052
1524;2087;75;80;185721;182366;2211
1525;2245;83;85;160606;218031;2060
1526;2102;91;94;191185;186845;1422
1527;1452;55;55;136383;134559;1399
1528;1431;54;67;155080;199127;1434
1529;1473;55;62;125928;106901;1403
1530;1435;55;55;114686;114858;1558
1531;1600;88;89;117184;108105;1408
1532;1444;55;56;114680;132282;2009
1533;2052;55;55;138414;125695;1406
1534;1444;55;55;112669;110857;1407
1535;1444;57;55;108251;129971;1431
1536;1466;55;56;109624;105279;1410
1537;1444;55;56;110791;110349;1489
1538;1522;55;55;106730;123615;1482
1539;1526;56;56;109437;112196;1647
1540;1676;56;56;111441;106203;1462
1541;1485;55;55;111070;105775;1485
1542;1518;56;56;109327;106226;1442
1543;1456;56;55;111587;112147;1489
1544;1527;56;56;111804;111207;1483
1545;1516;56;56;109810;106986;1923
1546;1965;87;84;116090;109751;1494
1547;1528;56;56;113876;172222;2272
1548;2311;87;92;127846;162900;1527
1549;1565;56;56;118942;110195;1490
1550;1526;55;56;110820;109006;1486
1551;1523;55;55;124954;106638;2196
1552;2234;86;582;110775;108060;1489
1553;1522;55;58;109132;108209;1449
1554;1465;56;56;109525;107459;2578
1555;2595;56;56;135700;146201;1492
1556;1525;56;57;116808;112128;1477
1557;1516;57;56;111539;109651;1506
1558;1551;55;56;110081;107919;1460
1559;1474;55;56;109623;108944;1471
1560;1503;56;56;119377;110541;1491
1561;1524;59;57;111886;110635;1480
1562;1513;57;56;111802;108990;2354
1563;2386;80;77;114342;109355;1449
1564;1464;56;57;112099;108601;1478
1565;1506;57;56;112522;109085;1488
1566;1520;56;57;112418;110031;1469
1567;1485;56;56;114203;108767;1472
1568;1488;55;56;114853;110182;1485
1569;1509;56;56;112223;110528;1488
1570;1516;57;56;138374;152257;1818
1571;1855;56;56;115252;113187;1496
1572;1529;57;57;115532;110941;1499
1573;1534;57;56;117220;117068;1514
1574;1549;57;56;120781;111575;1539
1575;1572;58;57;117362;110995;1496
1576;1525;57;57;114599;111447;1496
1577;1531;56;56;118831;115323;2038
1578;2083;62;59;112278;112590;1505
1579;1537;57;58;114437;110587;1461
1580;1475;57;56;113256;115996;1510
1581;1540;57;58;116929;114123;1498
1582;1530;57;57;118586;113698;1503
1583;1537;57;56;115424;116920;1513
1584;1550;56;57;116511;112483;1507
1585;1541;57;57;115512;113251;1490
1586;1517;56;57;117295;111968;1480
1587;1498;58;57;125562;136575;1528
1588;1564;57;58;114134;117418;2587
1589;2621;58;58;115606;112186;2042
1590;2059;58;57;116823;113178;1499
1591;1528;58;58;116660;113172;1486
1592;1502;58;57;115210;118330;2453
1593;2494;94;93;120355;133254;1510
1594;1542;57;57;120553;120709;1607
1595;1675;58;58;116920;113594;1505
1596;1530;57;57;115744;112859;1803
1597;1818;57;57;115832;135820;1525
1598;1558;58;57;120615;115349;1521
1599;1551;57;58;123073;114481;1513
1600;1542;57;58;123544;124464;1510
1601;1541;57;58;141959;116184;1521
1602;1559;58;58;119450;114130;1536
1603;1576;58;58;118224;124609;1530
1604;1566;57;59;120002;123846;1532
1605;1562;57;58;119215;116384;1524
1606;1560;57;58;116940;115195;1490
1607;1507;57;57;118228;115497;1505
1608;1526;58;57;119680;152116;1533
1609;1572;57;58;123793;120268;1575
1610;1611;59;59;118741;117771;1519
1611;1550;58;58;119029;115160;2213
1612;2238;76;77;127584;138975;1528
1613;1559;59;58;122376;156322;1690
1614;1719;57;58;155028;156417;2256
1615;2307;81;85;144513;118570;1530
1616;1561;57;58;120098;116923;1522
1617;1554;59;58;120194;116422;1507
1618;1527;57;58;119927;139485;2326
1619;2366;90;92;140983;117784;1533
1620;1571;58;58;128320;119208;1543
1621;1573;58;58;120767;117203;1511
1622;1538;58;58;132540;120291;2545
1623;2578;59;59;122095;126850;1538
1624;1572;59;58;123470;135237;1539
1625;1580;58;58;127196;118493;1533
1626;1571;59;59;122927;117504;1512
1627;1534;78;80;120609;118392;1501
1628;1521;57;58;120912;119773;1533
1629;1563;59;59;127887;120484;1541
1630;1577;58;59;121854;119151;1532
1631;1562;58;59;122705;118255;1520
1632;1538;59;59;121204;118870;1521
1633;1543;58;58;121469;121323;1526
1634;1545;58;59;125279;137039;1600
1635;1641;59;59;151166;126869;1549
1636;1586;61;59;154757;131519;1545
1637;1578;58;59;129845;125258;1587
1638;1628;59;59;121218;124855;1557
1639;1590;58;60;132457;133170;1584
1640;1627;59;59;137370;120601;1548
1641;1582;59;59;127426;125305;1555
1642;1589;59;59;129370;124386;1545
1643;1579;60;59;134248;141141;1556
1644;1596;59;60;127062;120985;1573
1645;1695;59;59;122651;121659;1531
1646;1552;58;59;123707;120398;1535
1647;1554;59;59;127195;121287;1534
1648;1562;58;59;125730;124621;1569
1649;1599;59;59;123645;122659;1557
1650;1587;59;59;123518;125326;1573
1651;1605;67;59;130238;132335;1550
1652;1591;59;60;126550;121646;1542
1653;1565;59;58;124893;162459;2407
1654;2446;101;103;138020;162046;2385
1655;2423;82;82;206064;171104;2147
1656;2182;86;79;126173;124455;1544
1657;1576;60;60;130012;136040;1599
1658;1636;100;61;126059;127362;1558
1659;1590;59;59;126428;122520;1544
1660;1569;59;60;125088;122704;1554
1661;1570;59;60;124587;125458;1962
1662;1979;78;79;128983;132038;1568
1663;1606;60;60;129959;128552;1556
1664;1592;60;60;127061;125346;1525
1665;1539;60;59;126951;124299;1559
1666;1575;60;59;145077;142249;1584
1667;1615;60;59;127717;124232;1553
1668;1570;60;60;127755;124248;1547
1669;1562;59;60;129323;124531;1559
1670;1581;60;60;131916;125814;1577
1671;1606;61;60;130014;124214;1570
1672;1599;60;60;131844;130046;1588
1673;1631;61;60;130233;124890;1581
1674;1619;60;60;129720;124870;1554
1675;1573;59;60;129047;125069;1550
1676;1566;60;59;130238;124998;1549
1677;1559;60;60;130812;125798;2101
1678;2124;60;60;132901;127017;1607
1679;1639;61;60;127924;127162;1917
1680;1947;61;61;141539;159031;1679
1681;1728;59;61;130355;126906;1590
1682;1619;60;61;138731;131515;1602
1683;1643;61;60;130678;127261;1588
1684;1627;60;60;130431;127065;1577
1685;1608;60;60;131715;125546;1581
1686;1614;60;61;130360;144703;1591
1687;1624;61;61;131425;128201;2666
1688;2693;60;61;131642;129602;1560
1689;1579;60;60;135674;129781;1587
1690;1622;60;61;131451;145092;1657
1691;1693;61;60;144311;132516;1593
1692;1633;60;61;147606;131987;1599
1693;1634;61;61;134470;131647;1585
1694;1616;60;61;130979;128062;1561
1695;1575;61;61;133001;130158;1999
1696;2017;60;60;133863;132882;1595
1697;1623;61;61;133283;130762;1573
1698;1593;61;61;132892;128480;2055
1699;2068;61;61;135194;134699;1602
1700;1639;61;61;147221;129584;1606
1701;1641;61;60;145849;132405;2500
1702;2535;93;96;137431;134338;1760
1703;1795;62;62;135301;130826;1600
1704;1629;61;61;133234;129389;1605
1705;1624;60;62;133924;129545;1579
1706;1602;60;61;137432;133766;1617
1707;1650;61;60;133476;133264;1601
1708;1632;62;62;133783;130399;1610
1709;1626;61;61;135578;129991;1607
1710;1643;61;62;140705;129959;1607
1711;1637;61;61;149230;135732;1610
1712;1645;61;61;138682;133747;1619
1713;1659;61;61;138707;134641;1603
1714;1638;62;62;134115;131246;1759
1715;1777;62;62;136042;130761;1573
1716;1588;61;61;134851;131490;1571
1717;1593;61;62;142391;132292;1613
1718;1640;62;62;135554;131365;2549
1719;2567;62;61;139034;131459;1592
1720;1606;61;62;145145;134585;1713
1721;1762;62;62;134909;132513;1602
1722;1626;61;62;136884;135493;2510
1723;2544;99;104;158366;135778;1746
1724;1779;62;62;139469;143779;1612
1725;1653;64;62;136506;138438;1624
1726;1660;61;62;150081;159955;1612
1727;1645;62;62;183499;148818;1620
1728;1656;62;62;138294;133696;1660
1729;1702;63;62;145869;136099;1630
1730;1661;62;63;138215;133773;1605
1731;1628;62;61;141590;143854;2012
1732;2056;62;64;139078;137814;1636
1733;1670;61;62;139158;133929;1602
1734;1621;61;62;138764;133983;1604
1735;1623;62;62;138039;134141;1586
1736;1597;62;62;139064;136130;1638
1737;1674;63;62;145980;142613;1629
1738;1662;62;63;143858;141140;1638
1739;1676;63;63;140481;139408;1627
1740;1665;63;63;139254;134554;1618
1741;1643;62;62;143233;135528;1630
1742;1661;63;63;139017;136248;1618
1743;1636;62;63;139145;135611;1648
1744;1665;62;62;138700;181034;1643
1745;1678;62;63;140963;136081;1633
1746;1668;62;63;141221;136774;1637
1747;1672;63;63;149166;138547;1643
1748;1674;62;63;145153;137409;1650
1749;1683;62;62;142964;143704;2638
1750;2672;63;64;142293;141089;1641
1751;1676;62;63;142302;137112;1624
1752;1649;65;63;141312;160243;1677
1753;1708;63;62;145337;138705;1651
1754;1692;63;62;139101;137478;1618
1755;1640;62;63;144785;149023;2438
1756;2471;64;64;143829;138260;1641
1757;1684;63;63;142406;137811;1644
1758;1673;63;62;142979;137944;1617
1759;1635;63;63;144230;138085;1739
1760;1754;63;62;145309;143868;1649
1761;1676;63;63;142785;141475;1654
1762;1682;63;64;148203;142939;1657
1763;1691;63;64;144047;138714;1632
1764;1653;63;64;144598;152535;1668
1765;1704;64;63;147177;141830;1673
1766;1702;63;63;145529;139401;1653
1767;1685;63;64;147489;151797;1763
1768;1795;63;63;144025;140153;1652
1769;1690;63;64;144543;140036;1672
1770;1710;64;63;146688;139647;1669
1771;1705;63;63;144872;139758;1628
1772;1645;63;63;144427;142379;1634
1773;1649;63;64;158246;141782;1665
1774;1697;64;64;144842;140485;1662
1775;1695;63;64;144474;139745;1628
1776;1646;63;64;144621;140610;1628
1777;1644;63;63;146723;144990;2309
1778;2350;87;89;166264;145883;1669
1779;1704;63;63;166692;220977;1671
1780;1707;65;65;188873;171260;2708
1781;2743;65;65;201606;219353;1680
1782;1718;64;65;152561;147246;1688
1783;1723;65;65;187220;172645;1669
1784;1702;63;64;182180;143780;1672
1785;1703;64;64;173253;210271;1671
1786;1705;64;64;157595;217597;2985
1787;3026;129;102;152077;143295;1686
1788;1721;65;65;227065;213099;1672
1789;1704;63;64;154771;152010;1680
1790;1713;64;66;155089;143218;1670
1791;1700;66;65;167455;176253;2697
1792;2739;196;109;273919;248035;1668
1793;1701;63;64;181995;178447;1748
1794;1790;67;66;185584;172747;1720
1795;1754;64;64;161527;236048;1714
1796;1815;66;65;186704;152020;2612
1797;2645;109;111;202758;174155;2654
1798;2692;106;107;207003;216641;1728
1799;1770;65;65;188410;180201;1750
1800;1785;64;65;187301;170692;1717
1801;1751;64;64;161290;145528;1747
1802;1783;66;66;196161;190303;2817
1803;2856;101;100;203277;151416;1720
1804;1753;65;65;187185;202220;1714
1805;1744;64;65;151632;146040;1709
1806;1745;64;65;175763;193238;2360
1807;2398;86;87;190442;223178;1710
1808;1748;65;65;154551;152004;1733
1809;1764;65;64;162132;162278;1716
1810;1747;65;65;190820;180939;2668
1811;2701;65;65;179529;176674;1714
1812;1746;66;65;216889;147080;2192
1813;2222;65;65;149745;208302;1760
1814;1792;64;66;165967;211353;1726
1815;1756;65;65;186461;195094;1762
1816;1801;65;65;245615;242884;2856
1817;2899;105;107;199999;161247;1772
1818;1809;66;66;299233;297877;2466
1819;2504;98;98;249369;183260;1742
1820;1772;64;66;160875;149090;1729
1821;1758;66;66;206204;187798;1740
1822;1773;66;66;162867;184163;3065
1823;3111;115;110;174682;148777;1723
1824;1754;65;66;182717;151361;1730
1825;1768;66;66;155578;149500;1729
1826;1760;66;66;160158;149819;1735
1827;1768;65;65;152960;149650;1725
1828;1753;65;66;163560;153956;1780
1829;1820;66;65;158102;152005;1753
1830;1782;65;66;156720;161231;1775
1831;1808;65;66;158715;150111;1746
1832;1780;66;66;157083;157983;1743
1833;1777;66;66;157210;151751;1742
1834;1778;66;66;160770;194289;2942
1835;2981;112;118;220244;190106;2428
1836;2466;92;100;169507;151993;2949
1837;2981;116;119;156778;150949;1761
1838;1796;66;66;177701;167955;2843
1839;2891;89;90;187569;206636;2669
1840;2700;67;67;190598;168023;1747
1841;1787;66;66;202259;151662;1744
1842;1779;66;66;163678;178818;1761
1843;1800;65;66;161263;152614;1739
1844;1769;66;66;160036;153427;1743
1845;1782;66;66;196879;192260;1777
1846;1816;66;66;217636;173065;2793
1847;2836;102;105;213854;198795;2568
1848;2616;101;95;245866;252829;2855
1849;2898;105;107;254032;396550;2396
1850;2437;97;95;244964;274653;2711
1851;2751;111;111;255002;289717;3082
1852;3124;123;100;274097;299835;2851
1853;2890;111;112;251604;284765;2824
1854;2865;108;109;197091;563716;2880
1855;2926;105;109;265047;281260;2581
1856;2625;97;97;234155;170575;1748
1857;1784;66;66;205430;217399;2818
1858;2862;109;109;202416;188533;1780
1859;1819;65;67;167497;159730;1794
1860;1835;67;70;162424;197171;1763
1861;1798;66;67;163489;161521;2662
1862;2702;109;111;172825;165750;1761
1863;1798;68;70;164372;175784;2532
1864;2575;104;93;191896;172293;2588
1865;2629;109;113;239207;183408;2691
1866;2728;111;112;224839;257098;1815
1867;1853;67;67;196988;160625;1776
1868;1810;67;67;162942;248567;2873
1869;2905;67;67;259278;250466;2455
1870;2498;99;98;285295;262385;2507
1871;2551;98;103;246752;294951;2685
1872;2729;104;106;223255;211317;2832
1873;2874;105;105;214655;199400;1779
1874;1817;67;68;170544;211757;1785
1875;1820;67;68;174259;234085;2689
1876;2725;112;115;208159;191441;1773
1877;1813;67;68;173028;195219;4814
1878;4855;106;112;197804;228043;1775
1879;1812;67;68;178611;195009;1778
1880;1815;68;67;226419;207288;2712
1881;2752;111;113;196973;159618;1762
1882;1800;66;68;215235;208781;1754
1883;1789;82;68;171377;185034;2913
1884;2952;117;120;177874;171512;1773
1885;1806;67;68;165921;182270;1781
1886;1826;68;68;207139;168947;1779
1887;1817;67;67;210201;171314;1792
1888;1833;69;67;180627;208140;2882
1889;2921;113;118;219561;267736;1788
1890;1818;67;68;193120;191604;2869
1891;2909;113;117;184771;161781;1782
1892;1816;68;69;167892;160648;1793
1893;1825;68;68;204642;229166;1785
1894;1817;68;68;199867;213213;1817
1895;1855;104;94;177002;258745;2948
1896;2990;102;113;261055;186339;4660
1897;4698;99;110;233314;259147;2813
1898;2849;119;118;212692;181795;1781
1899;1814;67;68;168509;241396;1797
1900;1835;68;68;228937;181192;2675
1901;2727;94;105;229757;214456;1833
1902;1869;68;69;174894;175478;1960
1903;1994;69;69;201234;183642;1802
1904;1838;69;68;167302;163267;1993
1905;2017;68;67;175500;163530;1776
1906;1797;69;69;169642;161783;1789
1907;1818;68;68;171336;162526;1786
1908;1816;68;69;168025;162248;1773
1909;1791;68;68;172604;162295;1786
1910;1811;68;68;177824;163498;1821
1911;1869;93;222;171503;163513;1773
1912;1791;69;68;171825;162417;1766
1913;1781;68;69;169566;163962;1793
1914;1810;67;68;186423;194952;1831
1915;1867;69;69;171476;196463;1806
1916;1849;69;69;263172;219435;1969
1917;2008;68;68;201679;195741;2880
1918;2919;118;121;209290;222881;2977
1919;3011;118;122;271249;278620;2936
1920;2974;117;121;258579;165701;1828
1921;1863;70;69;209166;165390;1828
1922;1866;69;69;184247;217586;3174
1923;3270;107;110;205752;217367;2938
1924;2980;112;135;251231;221337;4324
1925;4366;109;112;267169;275203;1826
1926;1864;69;69;223412;191803;1839
1927;1872;69;69;213624;321050;3033
1928;3075;144;112;195189;286368;2975
1929;3023;114;113;211242;174225;1850
1930;1894;70;70;208302;180012;2906
1931;2953;113;114;190985;196936;1849
1932;1902;68;69;223216;169026;1961
1933;2005;69;69;245996;291294;2769
1934;2818;103;106;377406;223156;1837
1935;1875;69;69;221520;247921;3060
1936;3096;69;68;242980;267408;1865
1937;1906;69;70;199524;170836;1853
1938;1891;69;70;186688;184139;2661
1939;2702;108;102;195027;185034;1840
1940;1876;70;70;213825;241573;2102
1941;2139;70;70;201601;282113;2629
1942;2663;103;104;264963;288717;3000
1943;3045;121;120;208804;191398;1843
1944;1880;70;70;219257;212338;2659
1945;2698;104;104;207622;188367;1861
1946;1904;70;70;224810;169599;1839
1947;1876;69;70;174910;168455;1811
1948;1830;69;70;180588;169536;1833
1949;1860;70;70;178143;168638;1806
1950;1827;69;70;177601;169459;1808
1951;1824;70;69;180481;170062;2753
1952;2773;70;70;174068;190185;1840
1953;1875;69;70;179751;169394;1829
1954;1854;70;70;180509;171655;1838
1955;1870;70;70;181311;170378;2015
1956;2047;70;70;178562;170775;1849
1957;1885;70;70;178441;171828;1823
1958;1842;69;70;182160;171967;1841
1959;1861;70;70;180447;175263;1877
1960;1912;70;69;188281;170752;1848
1961;1875;71;70;178976;170807;1839
1962;1858;70;71;181005;171414;1840
1963;1867;70;70;183227;202621;1859
1964;1894;71;71;182530;172477;1846
1965;1881;69;70;180993;171899;1829
1966;1849;70;70;178511;172943;2453
1967;2497;117;117;195309;221908;1895
1968;1930;70;71;188249;173562;2128
1969;2163;70;71;182182;174326;1872
1970;1902;71;71;181196;172031;1830
1971;1844;71;71;183106;178947;1914
1972;1947;70;70;236107;197702;1885
1973;1934;70;71;212604;179453;1859
1974;1901;71;71;184854;185957;1933
1975;1973;72;76;194876;197916;1898
1976;1943;71;70;236391;175401;1947
1977;1977;71;71;184914;175171;1860
1978;1888;70;71;182918;174101;2914
1979;2935;71;71;184448;173763;1860
1980;1874;70;71;206593;178423;1863
1981;1895;70;71;184692;175343;1865
1982;1885;70;71;183203;176599;1863
1983;1893;70;70;192388;175822;1868
1984;1901;71;72;188674;175958;1861
1985;1889;71;70;181563;175512;1848
1986;1864;70;72;186600;185030;1885
1987;1920;71;72;189337;180065;1894
1988;1938;71;70;187113;176021;1855
1989;1873;71;71;188032;175359;1852
1990;1868;71;71;185487;176032;1850
1991;1868;71;71;184789;176557;1847
1992;1863;71;71;186318;181147;1896
1993;1934;72;73;236444;209470;1901
1994;1936;72;73;257378;305104;2839
1995;2879;95;98;307399;206913;1885
1996;1916;72;72;193762;193932;1900
1997;1944;71;71;205525;245672;4088
1998;4127;131;128;221182;184929;1893
1999;1928;71;72;188035;184477;1897
